acquired_id,acquiring_id,price_amount
c:100,c:377,0.0
c:1001,c:5,47500000.0
c:10054,c:23283,0.0
c:1007,c:851,15000000.0
c:10117,c:31,0.0
c:10137,c:757,0.0
c:101436,c:189412,0.0
c:10158,c:351,36500000.0
c:10176,c:1242,1200000000.0
c:10202,c:200647,155000.0
c:10223,c:10224,0.0
c:10241,c:4942,3000000000.0
c:102572,c:102577,8500000.0
c:102573,c:102577,4000000.0
c:102575,c:102577,1100000.0
c:10356,c:7198,154000000.0
c:104193,c:104194,0.0
c:104196,c:104198,65000000.0
c:10421,c:3320,28000000.0
c:10452,c:1799,0.0
c:10454,c:10455,0.0
c:10455,c:11503,200000000.0
c:10477,c:5638,0.0
c:10479,c:5638,550000.0
c:105244,c:71188,0.0
c:1059,c:24,20000000.0
c:106,c:4687,169000000.0
c:10617,c:10614,13000000.0
c:10731,c:355,2700000000.0
c:10771,c:351,320000000.0
c:1078,c:29610,930000000.0
c:10814,c:10816,12600.0
c:10864,c:28712,40000000.0
c:11216,c:28,100000000.0
c:11224,c:5054,0.0
c:11313,c:351,1100000000.0
c:114,c:59,12000000.0
c:11694,c:29,92000000.0
c:11698,c:29,0.0
c:1170,c:350,0.0
c:11700,c:29,2870000000.0
c:11701,c:29,432000000.0
c:11716,c:1735,225000000.0
c:11716,c:29,436000000.0
c:11722,c:29,5040000000.0
c:11725,c:29,10000000.0
c:117415,c:590,15000000.0
c:11836,c:11837,0.0
c:11932,c:20,380000000.0
c:1194,c:1504,9500000.0
c:11948,c:20,150000000.0
c:12012,c:25657,25000000.0
c:12052,c:317,775000000.0
c:12087,c:2823,72500000.0
c:12118,c:214095,250000000.0
c:1216,c:1504,0.0
c:12190,c:16077,30000000.0
c:12197,c:54243,2700000.0
c:1224,c:13228,15500000.0
c:12285,c:14236,140000000.0
c:1229,c:25732,0.0
c:12350,c:10085,307000000.0
c:1238,c:29,1000000.0
c:12404,c:10119,649000000.0
c:12420,c:12421,6200000.0
c:12421,c:12255,294000000.0
c:12459,c:1242,0.0
c:12519,c:5548,458000000.0
c:12539,c:14904,650000000.0
c:1254,c:12906,30000000.0
c:126,c:1645,180000000.0
c:12613,c:424,95000000.0
c:12625,c:840,352000000.0
c:12640,c:12641,0.0
c:12662,c:5622,1430000.0
c:12664,c:475,10000000.0
c:126832,c:44148,0.0
c:126834,c:44148,0.0
c:126835,c:44148,0.0
c:126838,c:44148,0.0
c:126839,c:44148,0.0
c:126840,c:44148,0.0
c:12691,c:1242,96000000.0
c:1278,c:351,0.0
c:1283,c:1316,60000000.0
c:1285,c:3063,150000000.0
c:12898,c:4460,0.0
c:13011,c:351,80000000.0
c:13012,c:351,525000000.0
c:13020,c:351,407000000.0
c:13020,c:2534,187500000.0
c:13108,c:12451,25000000.0
c:132,c:24,280000000.0
c:13204,c:283,120000000.0
c:132313,c:760,94000000.0
c:13269,c:18200,9300000000.0
c:13289,c:590,944000000.0
c:13291,c:20,0.0
c:13323,c:13324,0.0
c:1336,c:283,1800000000.0
c:1340,c:2506,775000000.0
c:13402,c:4304,6500000000.0
c:13470,c:4987,0.0
c:13533,c:6757,0.0
c:13591,c:608,200000.0
c:1365,c:38689,500000000.0
c:137308,c:3407,0.0
c:13777,c:71,25000000.0
c:13781,c:5182,35000000.0
c:138072,c:146029,150000000.0
c:1384,c:1385,10000000.0
c:13864,c:29558,120000000.0
c:13874,c:26482,88000000.0
c:13885,c:3320,0.0
c:139031,c:14008,206000000.0
c:139165,c:14046,0.0
c:13918,c:475,836000.0
c:139237,c:4018,36000000.0
c:139415,c:247805,0.0
c:139556,c:44148,0.0
c:139649,c:139650,0.0
c:139659,c:60177,0.0
c:139661,c:60177,0.0
c:139713,c:37662,453000000.0
c:140137,c:66228,70000.0
c:140160,c:31710,164000000.0
c:14036,c:34407,165000000.0
c:140823,c:42080,5200000.0
c:14098,c:62198,2200000000.0
c:141194,c:141195,0.0
c:141275,c:138299,15000.0
c:141398,c:141397,43000000.0
c:14147,c:271159,0.0
c:141649,c:1180,0.0
c:141651,c:1180,0.0
c:141652,c:1180,0.0
c:141919,c:44898,72500000.0
c:141920,c:40908,285000000.0
c:142,c:351,850000000.0
c:142004,c:29,10000000.0
c:142016,c:29787,17500000.0
c:142180,c:73487,0.0
c:14236,c:71,7680000000.0
c:142860,c:142861,0.0
c:14287,c:23125,0.0
c:143253,c:143255,0.0
c:1444,c:24,1800000000.0
c:144558,c:58837,47000000.0
c:14456,c:60151,225000000.0
c:144972,c:144973,1400.0
c:145,c:29,0.0
c:1450,c:187,2000000.0
c:145184,c:66554,70000000.0
c:14524,c:23054,19000000.0
c:14532,c:14533,220000.0
c:145631,c:58837,8800000.0
c:145632,c:58837,150000000.0
c:145677,c:38751,20000000.0
c:145875,c:145786,0.0
c:145876,c:145786,0.0
c:146208,c:60326,1000000.0
c:146285,c:42590,0.0
c:1465,c:160770,0.0
c:146838,c:146839,200000.0
c:146934,c:46504,0.0
c:146951,c:39172,160000000.0
c:147164,c:28,415000000.0
c:14730,c:14433,0.0
c:1475,c:99,0.0
c:147546,c:8750,80000000.0
c:14757,c:14758,0.0
c:147902,c:58837,0.0
c:14831,c:71,0.0
c:148332,c:72337,30000000.0
c:14854,c:3320,350000000.0
c:14860,c:14861,0.0
c:14861,c:20972,190000000.0
c:149089,c:24869,14400000.0
c:149142,c:49337,0.0
c:149238,c:149089,0.0
c:149239,c:149089,0.0
c:149261,c:49235,0.0
c:149539,c:60177,0.0
c:149540,c:60177,0.0
c:14963,c:255085,0.0
c:15070,c:1654,30000000.0
c:150794,c:6998,0.0
c:15088,c:3246,1400000000.0
c:1509,c:5473,0.0
c:151535,c:174609,9000000.0
c:15154,c:15148,255600000.0
c:15175,c:5182,33000000.0
c:151787,c:823,57000000.0
c:152236,c:150625,0.0
c:152466,c:163,8300000.0
c:15294,c:40595,24000000.0
c:153133,c:43929,3800000.0
c:153380,c:195600,0.0
c:1535,c:9295,0.0
c:1535,c:153802,0.0
c:153622,c:21789,0.0
c:154086,c:11391,0.0
c:15435,c:15436,0.0
c:15451,c:4175,5000000.0
c:15460,c:15461,70000.0
c:1547,c:19531,80000000.0
c:154773,c:29208,20000000.0
c:155,c:59,100000000.0
c:15536,c:57701,0.0
c:15598,c:8750,95000000.0
c:156253,c:25574,62000.0
c:156590,c:31915,860000000.0
c:15751,c:15752,0.0
c:15753,c:15754,0.0
c:15756,c:283,0.0
c:15764,c:25574,5500000.0
c:15769,c:9226,0.0
c:157838,c:33075,0.0
c:158142,c:196848,0.0
c:15820,c:11048,0.0
c:158202,c:158203,0.0
c:158547,c:19433,140000000.0
c:15862,c:3245,5800000000.0
c:15871,c:29414,50000000.0
c:158723,c:159674,0.0
c:1591,c:262,22500000.0
c:159131,c:45810,0.0
c:1595,c:20,945000000.0
c:159642,c:159641,2000000.0
c:159819,c:159820,800000.0
c:15996,c:33731,568000000.0
c:1600,c:29025,300000000.0
c:16037,c:2332,0.0
c:1606,c:350,0.0
c:1607,c:12,15000000.0
c:160711,c:64126,0.0
c:160768,c:160770,0.0
c:161006,c:161008,0.0
c:16105,c:16106,10000000.0
c:161195,c:10309,2477800.0
c:16181,c:5722,25000000.0
c:161997,c:161998,0.0
c:162117,c:79668,0.0
c:16262,c:16263,0.0
c:162797,c:67920,0.0
c:16286,c:2680,495000000.0
c:163337,c:25817,0.0
c:163905,c:3169,2500000.0
c:16393,c:177838,1000000000.0
c:164003,c:18657,0.0
c:16404,c:14963,130000000.0
c:164083,c:52743,2000000.0
c:164283,c:164283,0.0
c:164387,c:7060,0.0
c:164747,c:162144,0.0
c:164753,c:164754,0.0
c:165139,c:425,0.0
c:165289,c:165290,0.0
c:16553,c:16554,0.0
c:165566,c:30822,0.0
c:16602,c:16603,3200000.0
c:16613,c:9514,15000000.0
c:16630,c:45,85000000.0
c:166694,c:166303,0.0
c:16674,c:16675,60000000.0
c:1669,c:1812,20500000.0
c:166945,c:2507,0.0
c:167057,c:83971,0.0
c:167158,c:155640,0.0
c:16726,c:14902,40000000.0
c:16733,c:16734,54000000.0
c:16734,c:323,3100000000.0
c:1674,c:21875,35000000.0
c:168016,c:42220,0.0
c:168618,c:168619,0.0
c:168880,c:77484,0.0
c:16889,c:624,3100000.0
c:16925,c:16926,5000000.0
c:1695,c:352,0.0
c:169594,c:55098,0.0
c:16961,c:18136,11400000.0
c:16984,c:17487,0.0
c:170249,c:105267,0.0
c:170315,c:105267,0.0
c:171028,c:31516,0.0
c:171191,c:171192,4900.0
c:17191,c:851,20000000.0
c:17219,c:24864,0.0
c:1722,c:1242,50000000.0
c:172467,c:85143,0.0
c:172783,c:20,0.0
c:172843,c:6736,750000.0
c:172845,c:6736,1250000.0
c:173167,c:59155,468400000.0
c:17332,c:12011,90000000.0
c:17333,c:14098,0.0
c:17335,c:479,0.0
c:173526,c:154163,0.0
c:173610,c:285250,0.0
c:173925,c:173929,0.0
c:173926,c:173929,350000000.0
c:17431,c:17124,178000000.0
c:17433,c:2898,0.0
c:17459,c:35042,4000000.0
c:17464,c:17465,0.0
c:17467,c:323,0.0
c:17518,c:17519,92700000.0
c:17524,c:17525,0.0
c:17532,c:17533,70000000.0
c:175322,c:175324,0.0
c:17567,c:38729,2500000.0
c:17619,c:53058,10000000.0
c:17634,c:70298,120000000.0
c:17645,c:565,35000000.0
c:17656,c:17655,255000000.0
c:17660,c:323,210000000.0
c:17673,c:2680,0.0
c:17682,c:17683,2500000.0
c:17717,c:17718,0.0
c:1775,c:25998,77000000.0
c:177734,c:160718,0.0
c:17795,c:17731,47000000.0
c:177978,c:18293,1000000.0
c:177979,c:18293,5100000.0
c:17798,c:17799,238000000.0
c:17818,c:2680,0.0
c:1782,c:317,110000000.0
c:17833,c:59,0.0
c:17847,c:14236,350000000.0
c:17851,c:11082,210000000.0
c:17863,c:30553,1200000000.0
c:178693,c:18193,1300000000.0
c:17879,c:1915,0.0
c:17880,c:12374,0.0
c:178830,c:12488,7600000.0
c:17887,c:17124,35000000.0
c:17888,c:283,0.0
c:17889,c:17890,0.0
c:179162,c:157165,100000.0
c:179262,c:40670,8000000.0
c:17948,c:15436,0.0
c:18,c:1654,80000000.0
c:180208,c:4387,0.0
c:18057,c:18058,273600000.0
c:180663,c:18657,0.0
c:18077,c:6651,295000000.0
c:18097,c:18098,0.0
c:18121,c:52578,475000000.0
c:181809,c:44847,0.0
c:181942,c:41657,0.0
c:181943,c:41657,0.0
c:18200,c:40491,604000000.0
c:1832,c:59,80000000.0
c:1834,c:1735,61000000.0
c:1835,c:7312,0.0
c:18363,c:18362,166000000.0
c:183722,c:186655,0.0
c:18439,c:71686,0.0
c:184561,c:184438,200.0
c:184585,c:49337,0.0
c:184683,c:184684,0.0
c:185047,c:185048,1700000.0
c:1853,c:966,0.0
c:186356,c:186357,0.0
c:186682,c:70441,0.0
c:18685,c:14963,40000000.0
c:186915,c:13916,0.0
c:187097,c:187703,0.0
c:187407,c:187408,0.0
c:187602,c:108,36000000.0
c:18767,c:18770,0.0
c:18768,c:18770,0.0
c:18769,c:18770,0.0
c:187914,c:185269,0.0
c:188295,c:189773,0.0
c:188510,c:188511,0.0
c:188623,c:188624,0.0
c:188832,c:188833,50000.0
c:18962,c:3396,20000000.0
c:189866,c:29411,13500000.0
c:19,c:7433,39000000.0
c:19007,c:15299,42000000.0
c:191236,c:72361,35000000.0
c:191806,c:82951,0.0
c:191970,c:191971,2000000.0
c:1922,c:1972,250000000.0
c:19234,c:3275,327000000.0
c:1927,c:317,250000000.0
c:193153,c:193166,200000.0
c:19325,c:142169,0.0
c:193600,c:160789,0.0
c:195858,c:195859,100000.0
c:195881,c:1385,300000000.0
c:195920,c:195921,420000.0
c:197,c:647,0.0
c:197014,c:197015,0.0
c:19785,c:19786,10000.0
c:198069,c:157985,54800000.0
c:198266,c:198267,10000.0
c:198370,c:235273,550000000.0
c:19877,c:39269,12800000.0
c:199137,c:25380,100000000.0
c:19947,c:140255,30000000.0
c:19998,c:14139,0.0
c:20050,c:23339,1000000000.0
c:20148,c:584,10000000.0
c:202131,c:267301,12500000.0
c:20310,c:2644,15000000.0
c:20313,c:70791,0.0
c:2037,c:31522,3500000.0
c:20395,c:17731,140000000.0
c:20442,c:2680,1500000000.0
c:20445,c:20382,0.0
c:20451,c:45324,60000000.0
c:2046,c:351,0.0
c:20461,c:922,0.0
c:20461,c:3447,0.0
c:20462,c:3658,15700000.0
c:2047,c:2042,0.0
c:2048,c:2042,0.0
c:20488,c:57727,0.0
c:20506,c:33654,800000000.0
c:20559,c:5,60000000.0
c:20600,c:20601,0.0
c:20672,c:13228,1400000.0
c:20679,c:829,2000000.0
c:207132,c:172412,0.0
c:208167,c:224962,130000000.0
c:209556,c:262387,0.0
c:2101,c:1336,65000000.0
c:21041,c:23422,242000000.0
c:21061,c:590,0.0
c:2108,c:2050,0.0
c:210911,c:163,30000000.0
c:210969,c:19181,305000000.0
c:211057,c:211162,0.0
c:21121,c:3524,15000000.0
c:2119,c:475,91400000.0
c:213158,c:188624,0.0
c:21473,c:2537,170000000.0
c:215,c:212,25000000.0
c:215029,c:215031,6600000.0
c:215030,c:215031,7590000.0
c:21529,c:8123,0.0
c:2155,c:20,415000000.0
c:2155,c:670,0.0
c:21559,c:59,130000000.0
c:2156,c:29580,74400000.0
c:21663,c:25445,0.0
c:21695,c:21696,50000.0
c:21716,c:59,0.0
c:2195,c:5548,1100000000.0
c:219577,c:68187,150000000.0
c:22057,c:4010,50000000.0
c:22103,c:15456,10000.0
c:22116,c:22119,12000.0
c:2221,c:113,50000000.0
c:222509,c:222510,0.0
c:22251,c:168632,0.0
c:2226,c:1972,326000000.0
c:22291,c:28,28000000.0
c:22293,c:323,32000000.0
c:223610,c:52578,310000000.0
c:2250,c:629,20000000.0
c:2253,c:489,0.0
c:226003,c:241484,0.0
c:226030,c:601,11000000.0
c:22715,c:28,99000000.0
c:22721,c:1790,50000000.0
c:227358,c:36675,0.0
c:22764,c:22767,34300000.0
c:22768,c:5,2500000.0
c:22796,c:5473,157000000.0
c:22899,c:16259,85000000.0
c:22960,c:22961,0.0
c:22992,c:48411,238800000.0
c:22999,c:47426,274000000.0
c:230055,c:230056,0.0
c:23011,c:35902,0.0
c:23052,c:29929,270000000.0
c:23073,c:23077,7400000000.0
c:23078,c:23079,10000000.0
c:23081,c:23082,0.0
c:23098,c:28415,59000000.0
c:231115,c:63570,286000000.0
c:23177,c:23176,0.0
c:23179,c:23178,0.0
c:2318,c:2312,0.0
c:23241,c:23241,160000000.0
c:2332,c:25,10000000000.0
c:23404,c:13816,0.0
c:23521,c:199355,121000000.0
c:235780,c:25818,29000000.0
c:235989,c:150840,0.0
c:23611,c:26353,0.0
c:236153,c:221602,2440000000.0
c:236294,c:35399,0.0
c:236401,c:236402,2278750.0
c:2372,c:1242,500000000.0
c:23770,c:23771,0.0
c:23796,c:23797,0.0
c:239,c:235,151000000.0
c:23911,c:34650,200000000.0
c:23930,c:23934,0.0
c:23963,c:59,160000000.0
c:24091,c:71,884000000.0
c:2410,c:29,164000000.0
c:2412,c:1972,0.0
c:241399,c:241400,0.0
c:24147,c:13246,400000000.0
c:24147,c:28351,260000000.0
c:24172,c:622,372000000.0
c:242649,c:242649,1858.0
c:24295,c:5208,367000000.0
c:24368,c:24371,35120000.0
c:24369,c:24371,0.0
c:243706,c:15273,34000000.0
c:24415,c:20769,0.0
c:24596,c:24597,4800000.0
c:24598,c:1360,8000000.0
c:246132,c:102836,0.0
c:246241,c:247902,4860000.0
c:24727,c:31588,800000000.0
c:24863,c:24864,643000000.0
c:24877,c:24879,251000000.0
c:24879,c:17124,3700000000.0
c:24986,c:32435,0.0
c:2502,c:1385,500000000.0
c:25022,c:6012,0.0
c:25024,c:5722,55000000.0
c:2506,c:355,10200000000.0
c:251266,c:185523,60.0
c:25307,c:42590,0.0
c:25307,c:150328,0.0
c:25324,c:67598,111000000.0
c:25438,c:25437,107000000.0
c:254996,c:5744,375000000.0
c:25651,c:25652,7000000.0
c:25666,c:25667,21000000.0
c:256779,c:256780,7000000.0
c:25712,c:13529,50000000.0
c:25723,c:21442,0.0
c:257651,c:246335,19000.0
c:257652,c:246335,18000.0
c:257653,c:246335,19800.0
c:257665,c:246335,19600.0
c:257666,c:246335,23987.0
c:257667,c:246335,22879.0
c:257668,c:246335,34567.0
c:257669,c:246335,98567.0
c:25772,c:29414,10000000.0
c:25775,c:7060,5750000000.0
c:25778,c:25780,14500000.0
c:25790,c:2680,685000000.0
c:257917,c:246335,12567.0
c:257918,c:246335,21345.0
c:257919,c:246335,21345.0
c:257920,c:246335,12654.0
c:257921,c:246335,12765.0
c:257935,c:246335,12546.0
c:257936,c:246335,13234.0
c:257937,c:246335,23432.0
c:25794,c:25790,14000000.0
c:257949,c:246335,23432.0
c:257950,c:246335,213456.0
c:257955,c:246335,2345.0
c:257956,c:246335,5434.0
c:257957,c:246335,12765.0
c:257958,c:246335,10000.0
c:257960,c:246335,131456.0
c:257961,c:246335,10000.0
c:257963,c:246335,12900.0
c:257964,c:246335,2500.0
c:257967,c:246335,5000.0
c:257969,c:246335,25000.0
c:257970,c:246335,5000.0
c:257980,c:246335,12000.0
c:257983,c:246335,5000.0
c:257984,c:246335,10000.0
c:257985,c:246335,5000.0
c:257986,c:246335,11000.0
c:257987,c:246335,15000.0
c:257988,c:246335,2500.0
c:257989,c:246335,10000.0
c:257990,c:246335,1000.0
c:257991,c:246335,1000.0
c:257992,c:246335,1000.0
c:257993,c:246335,1000.0
c:257994,c:246335,5000.0
c:257995,c:246335,5000.0
c:257997,c:246335,12000.0
c:258000,c:246335,5000.0
c:258011,c:246335,24900.0
c:258012,c:246335,23000.0
c:258013,c:246335,12000.0
c:258014,c:246335,2798.0
c:258015,c:246335,2500.0
c:258017,c:246335,12000.0
c:258018,c:246335,3200.0
c:258019,c:246335,1200.0
c:258020,c:246335,10000.0
c:258021,c:246335,25000.0
c:258022,c:246335,2100.0
c:258023,c:246335,12900.0
c:258024,c:246335,10000.0
c:258025,c:246335,10000.0
c:258026,c:246335,1659.0
c:258027,c:246335,21000.0
c:258036,c:246335,12000.0
c:258037,c:246335,5000.0
c:258038,c:246335,2500.0
c:258039,c:246335,2500.0
c:258040,c:246335,1200.0
c:258041,c:246335,1200.0
c:258042,c:246335,1200.0
c:258043,c:246335,1659.0
c:258044,c:246335,2100.0
c:258045,c:246335,1200.0
c:258046,c:246335,1200.0
c:258047,c:246335,25000.0
c:258048,c:246335,1200.0
c:258049,c:246335,12000.0
c:258050,c:246335,1200.0
c:258051,c:246335,1200.0
c:258052,c:246335,1200.0
c:258053,c:246335,1289.0
c:258054,c:246335,2980.0
c:258055,c:246335,1200.0
c:258056,c:246335,1200.0
c:258057,c:246335,1200.0
c:258058,c:246335,19000.0
c:258059,c:246335,1500.0
c:25806,c:25807,0.0
c:258060,c:246335,1900.0
c:258061,c:246335,10000.0
c:258065,c:246335,2100.0
c:258066,c:246335,5000.0
c:258067,c:246335,21456.0
c:258068,c:246335,12000.0
c:258069,c:246335,1299.0
c:258070,c:246335,9000.0
c:258071,c:246335,6700.0
c:258072,c:246335,1000.0
c:25815,c:5663,3600000000.0
c:25874,c:1388,0.0
c:2593,c:1438,2600000.0
c:259312,c:36710,3500000.0
c:26158,c:851,1300000000.0
c:261911,c:261912,886000000.0
c:261974,c:73036,2000000.0
c:262308,c:200926,152000000.0
c:26246,c:25818,63230000.0
c:26265,c:26266,24820000.0
c:26269,c:26270,7500000.0
c:26330,c:3320,370000000.0
c:263552,c:15016,16000000.0
c:26361,c:28,105000000.0
c:26387,c:26388,565000000.0
c:26387,c:85578,82000000.0
c:26388,c:17066,2000000000.0
c:26415,c:25248,268000000.0
c:2644,c:4804,323000000.0
c:26453,c:26452,50000000.0
c:26455,c:26454,60500000.0
c:26475,c:14963,85000000.0
c:26490,c:12390,133000000.0
c:26490,c:8750,152000000.0
c:264923,c:63311,0.0
c:26501,c:26500,170000000.0
c:265120,c:6760,675000000.0
c:26553,c:14900,35000000.0
c:26565,c:59071,78000000.0
c:26573,c:2334,20000000.0
c:26611,c:10106,0.0
c:26685,c:5722,400000000.0
c:26687,c:36087,180000000.0
c:26703,c:15142,55000000.0
c:26710,c:28,450000000.0
c:267208,c:268216,0.0
c:26729,c:50410,375000000.0
c:26732,c:323,56000000.0
c:26738,c:27318,552000000.0
c:26744,c:17218,300000000.0
c:26746,c:27320,100000000.0
c:2676,c:1242,25000000.0
c:26774,c:6676,53000000.0
c:26782,c:63963,50000000.0
c:26851,c:212,1059000000.0
c:2686,c:45,0.0
c:26933,c:26934,18000000.0
c:26939,c:26940,18000000.0
c:270070,c:82304,1350000000.0
c:270108,c:270103,2170000000.0
c:270159,c:11391,260000000.0
c:270237,c:67716,600000000.0
c:270581,c:270583,0.0
c:270582,c:270583,0.0
c:27087,c:10614,0.0
c:27090,c:10614,0.0
c:270923,c:30511,0.0
c:271566,c:271559,57500000.0
c:271577,c:271575,180000000.0
c:27167,c:60372,0.0
c:271682,c:271678,75000000.0
c:271692,c:159820,3000000.0
c:271697,c:156572,0.0
c:271820,c:65680,30000000.0
c:272329,c:224367,0.0
c:272359,c:85736,2400000000.0
c:272565,c:155904,0.0
c:2731,c:29,850000000.0
c:273107,c:21154,191000000.0
c:273464,c:236444,36000000.0
c:274002,c:26502,151000000.0
c:27414,c:26486,0.0
c:27428,c:27427,0.0
c:274346,c:274345,388800000.0
c:27487,c:27488,38750000.0
c:2751,c:1197,121000000.0
c:275137,c:275136,56400000.0
c:275145,c:275144,24750000.0
c:275376,c:186511,540000.0
c:275459,c:26797,190000000.0
c:27581,c:27579,0.0
c:27596,c:27597,0.0
c:276603,c:277018,5700000000.0
c:27672,c:355,0.0
c:27714,c:352,20000000.0
c:27722,c:621,130000000.0
c:277231,c:277233,170000000.0
c:277242,c:277241,8600000.0
c:277631,c:277632,0.0
c:27887,c:230056,0.0
c:2793,c:191,0.0
c:279503,c:279505,500000.0
c:280833,c:24982,200000000.0
c:28106,c:4053,70000000.0
c:28124,c:28122,39100000.0
c:281390,c:271678,21000000.0
c:281587,c:24098,0.0
c:281676,c:281680,0.0
c:281677,c:281680,0.0
c:281678,c:281680,0.0
c:281679,c:281680,0.0
c:28248,c:28250,40000000.0
c:282650,c:164533,0.0
c:28303,c:25790,11000000.0
c:283108,c:166610,0.0
c:283148,c:16259,200000000.0
c:28342,c:30060,183500000.0
c:28358,c:28357,1500000000.0
c:28375,c:28373,770000000.0
c:28378,c:15785,2100000000.0
c:284314,c:38060,2600000000.0
c:284341,c:152467,10000000.0
c:285024,c:285032,34000000.0
c:285337,c:220209,600000000.0
c:285385,c:230880,3500000000.0
c:28560,c:28561,250000.0
c:285969,c:285968,2500000000.0
c:285995,c:267859,222000000.0
c:286176,c:227620,52400000.0
c:28793,c:1611,80000000.0
c:2889,c:1071,28000000.0
c:2901,c:16557,0.0
c:29307,c:29306,34670000.0
c:29312,c:14236,0.0
c:29313,c:29311,66480000.0
c:29326,c:29324,150000000.0
c:29357,c:29356,14000000.0
c:29416,c:29414,19300000.0
c:29450,c:5182,34000000.0
c:29477,c:2175,90000000.0
c:2964,c:475,10000000.0
c:29693,c:67708,228000000.0
c:29904,c:9049,0.0
c:30,c:1242,100000000.0
c:30046,c:20712,9400000.0
c:30284,c:85587,1200000000.0
c:30309,c:13916,0.0
c:30483,c:58154,0.0
c:30523,c:30522,0.0
c:30586,c:26486,0.0
c:30596,c:30595,34000000.0
c:30598,c:30597,0.0
c:306,c:307,0.0
c:30600,c:30599,0.0
c:30635,c:48483,25000000.0
c:30648,c:2758,25600000.0
c:3080,c:14745,3125000.0
c:3081,c:650,100000000.0
c:30923,c:213354,8500000000.0
c:30924,c:4967,28000000.0
c:30925,c:71,0.0
c:30928,c:30927,2500000.0
c:30954,c:20,215000000.0
c:30963,c:30962,310000.0
c:30967,c:10475,215000000.0
c:30970,c:30969,16300000.0
c:30987,c:28263,0.0
c:3102,c:3104,500000000.0
c:31066,c:31065,7000000.0
c:3107,c:5708,12000000.0
c:31079,c:176,4989000.0
c:31105,c:47521,200000.0
c:31176,c:15161,195000000.0
c:31179,c:32127,650000000.0
c:31233,c:31232,430000000.0
c:3134,c:59,4900000.0
c:31385,c:5663,57000000.0
c:314,c:318,0.0
c:31559,c:148832,66200000.0
c:31596,c:31597,21650000.0
c:3168,c:26521,0.0
c:31710,c:53654,4200000000.0
c:31777,c:34650,66000000.0
c:3180,c:25597,3500000.0
c:31832,c:23339,380000000.0
c:31838,c:31837,0.0
c:31840,c:31839,332500000.0
c:31850,c:27384,9300000.0
c:31921,c:28357,2200000000.0
c:31976,c:65077,0.0
c:32,c:5473,102000000.0
c:32021,c:32020,36700000.0
c:32044,c:81452,0.0
c:32128,c:23339,420000000.0
c:3213,c:851,400000000.0
c:32165,c:12185,6200000000.0
c:32168,c:59,0.0
c:3218,c:1242,6400000000.0
c:32183,c:2602,3900000000.0
c:3223,c:59,15000000.0
c:32390,c:273012,1600000000.0
c:32417,c:32418,20000000.0
c:32432,c:27549,195000000.0
c:32479,c:32483,2000000.0
c:32496,c:5473,300000000.0
c:32505,c:6623,2600000.0
c:32514,c:32510,14300000.0
c:32541,c:142591,0.0
c:32730,c:71471,0.0
c:32778,c:12137,2300000000.0
c:32783,c:16591,60600000.0
c:32864,c:32867,673000000.0
c:3290,c:78502,0.0
c:32939,c:28385,9500000.0
c:32950,c:32951,18000000.0
c:32951,c:355,1180000000.0
c:32957,c:32944,73400000.0
c:3306,c:3307,0.0
c:3315,c:3316,800000000.0
c:332,c:330,0.0
c:333,c:20,1500000000.0
c:33309,c:152759,0.0
c:33416,c:12,80000000.0
c:33464,c:22309,23000000.0
c:33472,c:12185,3700000000.0
c:335,c:29025,100000000.0
c:33564,c:674,28000000.0
c:33598,c:33597,30000000.0
c:336,c:29,90000000.0
c:33602,c:33604,81000000.0
c:33634,c:840,13300000.0
c:33636,c:33635,100000000.0
c:33639,c:5097,3000000.0
c:33640,c:1727,160000000.0
c:33684,c:33676,230000000.0
c:33685,c:37093,640000000.0
c:33792,c:32418,172000000.0
c:33795,c:26940,126000000.0
c:33796,c:31859,0.0
c:3383,c:2720,78000000.0
c:33842,c:33843,0.0
c:33869,c:18081,0.0
c:33886,c:13779,497000000.0
c:33915,c:28,2900000000.0
c:33949,c:1972,50000000.0
c:33986,c:7945,334000000.0
c:34063,c:32542,33000000.0
c:34097,c:570,35000000.0
c:341,c:342,350000000.0
c:3413,c:1972,31000000.0
c:34188,c:3827,831000000.0
c:34222,c:30503,1500000.0
c:34224,c:2456,170000000.0
c:34363,c:34362,31800000.0
c:34545,c:153484,35000000.0
c:34549,c:5,10000000.0
c:3455,c:14011,0.0
c:3462,c:8132,12500000.0
c:347,c:24,5000000.0
c:348,c:349,13000000.0
c:34951,c:1360,287500000.0
c:3508,c:176,119000000.0
c:35104,c:35105,643000000.0
c:35172,c:391,107000.0
c:35375,c:12422,110000000.0
c:35381,c:3864,360000000.0
c:35403,c:20211,95000000.0
c:35511,c:2989,405000000.0
c:35663,c:35663,11500000.0
c:35664,c:35663,11500000.0
c:35887,c:17124,123000000.0
c:35904,c:26802,0.0
c:35996,c:5473,22500000.0
c:36008,c:21287,0.0
c:36059,c:24864,150000000.0
c:36074,c:36072,41000000.0
c:3610,c:3320,410000000.0
c:36215,c:24597,39000000.0
c:363,c:3147,0.0
c:36315,c:36312,0.0
c:36325,c:42416,0.0
c:3649,c:12374,139000000.0
c:36585,c:79815,34000000.0
c:36656,c:26977,200000000.0
c:36666,c:36665,23500000.0
c:36703,c:36704,525000000.0
c:36718,c:5274,0.0
c:36796,c:36871,0.0
c:36798,c:6277,64000000.0
c:36948,c:36947,20000000.0
c:37096,c:37095,30000000.0
c:37110,c:37109,27600000.0
c:37235,c:39361,12000000.0
c:37270,c:25013,3000000.0
c:37443,c:37444,1900000.0
c:37635,c:46943,26200000.0
c:37663,c:37662,92500000.0
c:37685,c:37684,20000000.0
c:3770,c:29,20000000.0
c:37706,c:32510,10000000.0
c:37712,c:58544,53800000.0
c:37728,c:163037,0.0
c:37769,c:838,315000000.0
c:37775,c:18957,80000000.0
c:37797,c:37798,11000000.0
c:37824,c:66724,12000000.0
c:37929,c:1727,60000000.0
c:37956,c:31915,58000000.0
c:37961,c:5182,25000000.0
c:38039,c:38038,33000000.0
c:38050,c:38051,95000000.0
c:382,c:3167,160000000.0
c:38253,c:2546,79000000.0
c:38254,c:13112,93300000.0
c:38320,c:201649,65000000.0
c:38337,c:195313,0.0
c:38435,c:8583,6500000.0
c:38468,c:13107,18000000.0
c:38589,c:59596,9500000.0
c:38638,c:13450,505000000.0
c:3864,c:283,3400000000.0
c:38688,c:62791,47500000.0
c:38774,c:13389,36000000.0
c:38904,c:38903,46800000.0
c:3893,c:25615,0.0
c:39029,c:601,10000000.0
c:39059,c:39057,17100000.0
c:39065,c:39064,27000000.0
c:39139,c:4967,23000000.0
c:3917,c:12357,0.0
c:39191,c:39190,15000000.0
c:39199,c:6277,56000000.0
c:39283,c:39285,12000000.0
c:39365,c:74652,2000000000.0
c:39366,c:39365,160000000.0
c:3949,c:20,240000000.0
c:3950,c:424,268000000.0
c:39557,c:840,295000000.0
c:3962,c:3320,70000000.0
c:3977,c:8121,1000000.0
c:39781,c:4850,17800000.0
c:399,c:36710,10000000.0
c:3991,c:28,590000000.0
c:4014,c:15297,25500000.0
c:40184,c:838,0.0
c:40213,c:28787,2000000000.0
c:40271,c:2584,8000000.0
c:40273,c:40391,2525000.0
c:40690,c:9420,4000000000.0
c:40745,c:5182,36000000.0
c:40762,c:19066,21000000.0
c:4110,c:10705,0.0
c:413,c:258,0.0
c:4143,c:3320,300000000.0
c:41469,c:475,18000000.0
c:41597,c:159674,0.0
c:41850,c:85996,0.0
c:41883,c:1926,0.0
c:41971,c:56115,0.0
c:42069,c:193054,0.0
c:42223,c:64747,350000000.0
c:42262,c:28,7400000000.0
c:4249,c:308,0.0
c:42507,c:42069,0.0
c:42612,c:41425,50000.0
c:42668,c:14236,47000000.0
c:42784,c:25770,80000000.0
c:4281,c:26071,60000000.0
c:43027,c:43029,330000000.0
c:43128,c:37515,100000000.0
c:43183,c:959,40000000.0
c:43191,c:1412,0.0
c:43233,c:5,1010470000.0
c:4336,c:1926,22000000.0
c:4338,c:570,525000000.0
c:43605,c:199642,0.0
c:43608,c:42502,525000000.0
c:43688,c:43687,1550000000.0
c:43700,c:26050,330000000.0
c:43740,c:44148,0.0
c:43790,c:20,0.0
c:43832,c:4967,23000000.0
c:43983,c:25574,1000000.0
c:44,c:674,62500000.0
c:44127,c:22168,0.0
c:44150,c:44154,0.0
c:44165,c:26477,170000000.0
c:44170,c:39451,3750000.0
c:44172,c:9521,50000000.0
c:44206,c:53242,0.0
c:44324,c:17066,110000000.0
c:44436,c:40774,0.0
c:445,c:215686,0.0
c:44504,c:2537,423500000.0
c:44544,c:59,700000000.0
c:44556,c:20016,1070000000.0
c:4460,c:317,2500000.0
c:44638,c:26365,77000000.0
c:44782,c:2312,198000000.0
c:44818,c:44814,594000000.0
c:44839,c:171432,3000.0
c:4486,c:839,3000000.0
c:44869,c:88903,24000000.0
c:44881,c:570,366000000.0
c:44901,c:39451,9000000.0
c:45106,c:71,31000000.0
c:45126,c:67716,3000000000.0
c:45233,c:4687,25000000.0
c:45341,c:15142,35000000.0
c:45347,c:81562,21500000.0
c:45441,c:212,79000000.0
c:4546,c:445,0.0
c:45560,c:13747,0.0
c:45604,c:146189,68000000.0
c:45810,c:67920,0.0
c:45891,c:45891,0.0
c:45891,c:45891,0.0
c:4603,c:9738,0.0
c:46080,c:23339,315000000.0
c:46168,c:53654,160000000.0
c:462,c:156594,0.0
c:4636,c:3754,4750000.0
c:465,c:6221,0.0
c:46943,c:333,800000000.0
c:4698,c:28712,350000000.0
c:47,c:149,150000000.0
c:47260,c:47259,32000000.0
c:47266,c:47265,0.0
c:47269,c:13246,285000000.0
c:4731,c:59,50000000.0
c:47359,c:281825,0.0
c:47398,c:10222,0.0
c:47418,c:182964,0.0
c:47481,c:32497,300000000.0
c:47592,c:246061,223000000.0
c:47675,c:24597,9000000.0
c:4770,c:12623,530000000.0
c:4770,c:39767,8200000.0
c:47752,c:2537,91000000.0
c:47792,c:39474,70000000.0
c:47802,c:5856,0.0
c:47832,c:47834,0.0
c:47848,c:28,330000000.0
c:479,c:2680,7400000000.0
c:47924,c:47923,0.0
c:4794,c:4797,300000000.0
c:4796,c:6446,0.0
c:48035,c:21138,0.0
c:4822,c:2680,5850000000.0
c:48268,c:966,2250000000.0
c:48270,c:59,68200000.0
c:483,c:2175,240000000.0
c:48371,c:32780,32000000.0
c:4850,c:3246,480000000.0
c:48522,c:46298,280000000.0
c:48552,c:13217,40000000.0
c:487,c:29,300000000.0
c:48922,c:12102,71000000.0
c:49052,c:317,545000000.0
c:49115,c:3396,0.0
c:49235,c:60176,0.0
c:4928,c:424,15000000.0
c:49442,c:629,202000000.0
c:49768,c:49766,199000000.0
c:49782,c:1071,6700000.0
c:49849,c:49848,6500000.0
c:49876,c:169544,0.0
c:4999,c:355,1600000000.0
c:5000,c:351,4200000000.0
c:5003,c:57356,8500000.0
c:50206,c:5,60000000.0
c:50208,c:40611,162000000.0
c:50285,c:50284,0.0
c:5031,c:4987,0.0
c:50341,c:10376,0.0
c:50692,c:28373,635000000.0
c:50759,c:25597,11000000.0
c:508,c:317,1200000000.0
c:50820,c:72053,2200000.0
c:50859,c:28823,650000000.0
c:5103,c:14008,310000000.0
c:51068,c:21665,0.0
c:51080,c:7576,490000000.0
c:51162,c:25775,22000000.0
c:51168,c:66156,0.0
c:51189,c:5097,125000000.0
c:51190,c:1926,24000000.0
c:51271,c:4018,1850000000.0
c:51306,c:15609,104000000.0
c:51342,c:29371,43000000.0
c:51466,c:48483,61000000.0
c:51713,c:25020,0.0
c:51873,c:182223,0.0
c:51890,c:31915,325000000.0
c:51893,c:19665,42500000.0
c:52,c:541,327000000.0
c:52046,c:34397,0.0
c:52257,c:42220,54000000.0
c:52300,c:23234,0.0
c:52365,c:28,475000000.0
c:52381,c:180632,0.0
c:52381,c:180632,0.0
c:524,c:760,75000000.0
c:5275,c:39536,0.0
c:528,c:29,1000000000.0
c:53232,c:848,45000000.0
c:53389,c:840,42000000.0
c:5346,c:4161,1300000000.0
c:53580,c:62791,218000000.0
c:53780,c:26339,258100.0
c:53812,c:54169,12000000.0
c:5386,c:823,0.0
c:53969,c:50999,240000000.0
c:5398,c:283,240000000.0
c:5406,c:1438,333000000.0
c:54077,c:148258,403000000.0
c:54260,c:23320,0.0
c:5456,c:5457,5000.0
c:54663,c:31103,725000000.0
c:5475,c:318,25000000.0
c:54982,c:68231,0.0
c:551,c:988,380000000.0
c:55115,c:55167,5000.0
c:55141,c:33859,46000000.0
c:55148,c:110414,0.0
c:55215,c:71,500000000.0
c:55223,c:28,44500000.0
c:5525,c:1895,70900000.0
c:55363,c:25667,36500000.0
c:5543,c:104377,0.0
c:55583,c:20211,230000000.0
c:55609,c:1926,36700000.0
c:5570,c:25574,0.0
c:5587,c:4999,53000000.0
c:559,c:29,0.0
c:55910,c:19713,0.0
c:55989,c:15161,3600000000.0
c:55994,c:15784,430000000.0
c:5617,c:17289,0.0
c:56180,c:163,10100000.0
c:5638,c:250,410000000.0
c:5638,c:350,300000000.0
c:56452,c:50937,72500000.0
c:5661,c:1654,278000000.0
c:5662,c:5663,720000000.0
c:56756,c:14159,0.0
c:56797,c:967,0.0
c:569,c:570,560000000.0
c:569,c:66086,0.0
c:5694,c:59,23000000.0
c:5700,c:424,370000000.0
c:571,c:20,620000000.0
c:57105,c:57102,105000000.0
c:57165,c:18127,380000000.0
c:5721,c:475,10500000.0
c:57390,c:26971,0.0
c:57392,c:15809,0.0
c:57654,c:31060,60000000.0
c:57747,c:22932,350000000.0
c:57940,c:73494,0.0
c:58131,c:141304,400000000.0
c:58210,c:19181,516000000.0
c:58286,c:153105,50000000.0
c:58314,c:58313,0.0
c:585,c:584,128000000.0
c:58539,c:1812,6300000.0
c:58559,c:7320,0.0
c:58563,c:3246,0.0
c:58596,c:14963,55000000.0
c:58646,c:10475,310000000.0
c:58731,c:28,99000000.0
c:58803,c:59413,5500000.0
c:58842,c:85222,0.0
c:58944,c:12,350000000.0
c:59000,c:58999,0.0
c:59099,c:180632,49000000.0
c:59176,c:8750,67500000.0
c:59278,c:239321,270000.0
c:593,c:11503,0.0
c:59382,c:40489,165000000.0
c:595,c:12623,1300000000.0
c:596,c:1444,71000000.0
c:598,c:7838,0.0
c:5983,c:1926,44000000.0
c:6012,c:28,830000000.0
c:6021,c:6020,3800000.0
c:60222,c:13010,289500000.0
c:6030,c:23125,5700000.0
c:60338,c:14008,1170000000.0
c:60344,c:29915,44700000.0
c:60521,c:107565,0.0
c:606,c:608,11600000.0
c:6060,c:647,5000000.0
c:60630,c:18136,146000000.0
c:6077,c:34969,0.0
c:6085,c:1972,142000000.0
c:6089,c:6090,105300000.0
c:61032,c:32944,8700000000.0
c:6108,c:256,33000000.0
c:61242,c:553,0.0
c:61846,c:8249,13750000.0
c:61873,c:70441,0.0
c:61915,c:5785,8750000.0
c:62,c:1242,8500000000.0
c:62387,c:47042,0.0
c:6248,c:9068,0.0
c:62883,c:396,360000000.0
c:629,c:5548,2400000000.0
c:629,c:792,3300000000.0
c:629,c:200948,3300000000.0
c:62926,c:69735,0.0
c:63,c:59,1650000000.0
c:63152,c:2391,1300000000.0
c:63153,c:63152,583000000.0
c:63314,c:63311,50000000.0
c:63321,c:424,0.0
c:63392,c:41860,0.0
c:63455,c:8248,213000000.0
c:63461,c:40591,110000000.0
c:63564,c:37444,10200000.0
c:63653,c:25597,32500000.0
c:63660,c:37796,20000000.0
c:6382,c:1385,100000000.0
c:64066,c:19713,0.0
c:64066,c:80208,0.0
c:64068,c:174439,775000000.0
c:64190,c:64189,73100000.0
c:6428,c:10453,85000000.0
c:64280,c:64279,0.0
c:64280,c:64279,0.0
c:64371,c:64372,30000000.0
c:64495,c:50410,225000000.0
c:64552,c:475,4700000.0
c:64567,c:64565,415000000.0
c:64618,c:19181,370000000.0
c:64681,c:64682,0.0
c:64703,c:59,12500000000.0
c:6477,c:6478,9650000.0
c:64787,c:64786,1200000000.0
c:648,c:351,275000000.0
c:64829,c:42930,12000000.0
c:64968,c:64967,27500000.0
c:64997,c:26466,26000000.0
c:65337,c:53752,0.0
c:65404,c:65403,120000000.0
c:65468,c:3526,0.0
c:65487,c:6165,15000000.0
c:655,c:25,102000000.0
c:6558,c:79806,0.0
c:65787,c:51828,131000000.0
c:658,c:94,600000000.0
c:65922,c:30525,144000000.0
c:6596,c:342,4000000000.0
c:65981,c:65982,3150000.0
c:65991,c:26071,75000000.0
c:66009,c:64126,0.0
c:6616,c:283827,105000000.0
c:66228,c:140138,13950000.0
c:66556,c:66554,31000000.0
c:66684,c:66687,48500000.0
c:6706,c:59,25000000.0
c:671,c:20,48300000.0
c:67112,c:28373,20000000000.0
c:67221,c:31441,31200000.0
c:67264,c:26266,525000000.0
c:6736,c:6736,6600000.0
c:6742,c:342,20000000.0
c:67452,c:67451,0.0
c:675,c:674,13000000.0
c:67635,c:5097,11000000.0
c:678,c:59,102000000.0
c:67879,c:68589,0.0
c:67903,c:40593,0.0
c:6796,c:2537,1350000000.0
c:681,c:20,0.0
c:6811,c:10453,14900000.0
c:68177,c:68177,0.0
c:68190,c:1591,4900000000.0
c:68222,c:26628,272000000.0
c:68299,c:40504,20000000.0
c:6838,c:59,125000000.0
c:6857,c:6858,0.0
c:6874,c:2903,0.0
c:6875,c:2680,0.0
c:68760,c:25770,60000000.0
c:68993,c:5182,39000000.0
c:69063,c:21138,0.0
c:6907,c:6908,0.0
c:69209,c:66964,0.0
c:693,c:694,0.0
c:69300,c:69301,50000000.0
c:69336,c:838,39100000.0
c:6996,c:4987,0.0
c:70154,c:70155,935000000.0
c:70355,c:70354,37000000.0
c:70369,c:269102,27700000.0
c:708,c:59,0.0
c:70870,c:16570,2500000.0
c:7089,c:148809,0.0
c:7114,c:424,130000000.0
c:7129,c:163,8400000.0
c:7133,c:7135,0.0
c:71397,c:71396,11600000.0
c:71474,c:71471,0.0
c:71563,c:56939,23250000.0
c:71564,c:56939,1800000.0
c:71565,c:56939,16750000.0
c:71615,c:56939,16000000.0
c:71616,c:56939,9900000.0
c:71617,c:56939,21000000.0
c:7162,c:17846,32500000.0
c:71639,c:12352,158000000.0
c:71672,c:53824,0.0
c:7168,c:7169,0.0
c:7168,c:7165,0.0
c:7182,c:4175,200000000.0
c:7192,c:59,0.0
c:7193,c:1611,50000000.0
c:71993,c:222418,30000000.0
c:72,c:59,60000000.0
c:72280,c:1916,3200000000.0
c:72356,c:42502,225000000.0
c:72434,c:23283,26300000.0
c:725,c:494,1000000.0
c:726,c:59,750000000.0
c:7293,c:317,300000000.0
c:7305,c:1234,0.0
c:73269,c:15793,55000000.0
c:7329,c:6745,10000000.0
c:73431,c:43411,0.0
c:73510,c:959,50000000.0
c:73644,c:218863,0.0
c:73803,c:2312,2100000.0
c:73883,c:25574,400000.0
c:7391,c:3670,0.0
c:74059,c:43029,338000000.0
c:74149,c:74148,105000000.0
c:74153,c:21370,95000000.0
c:7433,c:3827,483000000.0
c:74357,c:74356,0.0
c:74393,c:74394,0.0
c:7440,c:4175,0.0
c:74703,c:59,0.0
c:75,c:29,0.0
c:7521,c:2989,30000000.0
c:753,c:629,96000000.0
c:7585,c:59,0.0
c:7587,c:59,102000000.0
c:7588,c:59,0.0
c:7589,c:59,0.0
c:7592,c:59,0.0
c:7593,c:59,0.0
c:7594,c:59,0.0
c:7595,c:59,0.0
c:7597,c:59,0.0
c:7598,c:59,0.0
c:7599,c:59,0.0
c:7604,c:59,0.0
c:7605,c:59,0.0
c:7607,c:59,0.0
c:7608,c:59,0.0
c:76089,c:21312,9000000.0
c:7609,c:59,28000000.0
c:7610,c:59,0.0
c:7611,c:59,0.0
c:7612,c:59,0.0
c:7613,c:59,20300000.0
c:7616,c:59,0.0
c:763,c:5487,0.0
c:767,c:18871,120000000.0
c:7671,c:12,40000000.0
c:76831,c:1972,70000000.0
c:7688,c:1942,0.0
c:7689,c:1942,0.0
c:76916,c:1654,20000000.0
c:77,c:351,405000000.0
c:7733,c:250,0.0
c:77520,c:59,0.0
c:77590,c:25714,262500000.0
c:78268,c:12185,135000000.0
c:78377,c:44138,63000000.0
c:78578,c:113,12700000.0
c:78633,c:14900,342500000.0
c:78645,c:5623,0.0
c:78759,c:28,107000000.0
c:78827,c:3104,65000000.0
c:7902,c:342,7400000000.0
c:79389,c:11642,0.0
c:798,c:10322,0.0
c:8,c:59,625000000.0
c:8022,c:2602,1400000000.0
c:8023,c:355,360000000.0
c:8024,c:2602,820000000.0
c:8041,c:1340,36000000.0
c:8044,c:966,2100000000.0
c:80656,c:15407,0.0
c:80689,c:80659,0.0
c:80764,c:49256,310000000.0
c:81111,c:65857,855000000.0
c:8112,c:20,200000000.0
c:81826,c:37093,925000000.0
c:82030,c:200394,20000000.0
c:82203,c:21514,0.0
c:82453,c:37826,10000000.0
c:8260,c:1242,35000000.0
c:82660,c:425,100000000.0
c:82678,c:45694,0.0
c:82805,c:39270,0.0
c:82966,c:17731,0.0
c:8323,c:9952,75000000.0
c:835,c:351,65000000.0
c:837,c:838,425000000.0
c:83701,c:29580,4500000.0
c:839,c:342,18400000.0
c:8393,c:8398,0.0
c:83974,c:8583,350000000.0
c:83986,c:4500,135000000.0
c:84,c:14904,119000000.0
c:84313,c:2519,0.0
c:8455,c:6812,0.0
c:848,c:3320,1280000000.0
c:8487,c:8488,0.0
c:8537,c:29,0.0
c:8538,c:25732,0.0
c:85443,c:32390,0.0
c:8566,c:1242,0.0
c:8581,c:19713,0.0
c:85972,c:63717,0.0
c:86083,c:8091,990000000.0
c:8609,c:8608,80000000.0
c:86333,c:19017,0.0
c:8652,c:4092,0.0
c:8662,c:8661,3000000000.0
c:8701,c:8613,0.0
c:8718,c:55913,52000000.0
c:8745,c:479,0.0
c:8809,c:59,151000000.0
c:88488,c:8736,90000000.0
c:893,c:848,0.0
c:8946,c:1915,181000000.0
c:8990,c:5990,362000000.0
c:9003,c:42590,0.0
c:90087,c:3169,70000000.0
c:9036,c:29580,9500000.0
c:9068,c:9636,400000000.0
c:9087,c:3754,23000000.0
c:9146,c:48055,0.0
c:9150,c:3246,1200000000.0
c:92,c:2050,29000000.0
c:9228,c:20,350000000.0
c:9250,c:565,51000000.0
c:9306,c:14904,21700000.0
c:9322,c:4175,125000000.0
c:9373,c:6651,256000000.0
c:9382,c:26050,200000000.0
c:9412,c:5097,38000000.0
c:94601,c:94602,0.0
c:9499,c:73761,0.0
c:9500,c:8801,0.0
c:9513,c:1878,17000000.0
c:9532,c:28,2900000000.0
c:9540,c:11326,0.0
c:9572,c:9435,0.0
c:9573,c:629,202000000.0
c:9581,c:548,8491000.0
c:9665,c:26999,600000000.0
c:9679,c:144148,62000000.0
c:9690,c:9691,0.0
c:971,c:17066,190000000.0
c:9737,c:9735,4900000.0
c:9744,c:260655,865000000.0
c:9766,c:17830,100000.0
c:9767,c:2312,0.0
c:9835,c:83971,0.0
c:9894,c:26466,66000000.0
c:997,c:29,350000000.0
