invested_id,investor_id,date,round,amount
c:34,c:1230,2007-02-01,series-b,5500000
c:199,c:13301,2006-12-01,series-a,5600000
c:325,c:250,2007-01-01,series-c+,59500000
c:325,c:350,2007-01-01,series-c+,59500000
c:36,c:24,2007-01-01,series-b,16000000
c:36,c:396,2007-01-01,series-b,16000000
c:565,c:185,2001-12-01,series-c+,11200000
c:38,c:823,2007-12-01,series-b,15000000
c:1080,c:1444,2005-10-01,series-a,1100000
c:1088,c:20953,2007-10-31,series-a,750000
c:1163,c:62,2007-02-20,series-a,3100000
c:1163,c:59,2007-02-20,series-a,3100000
c:1390,c:1230,2007-09-01,series-b,50000000
c:1660,c:104962,2007-10-23,series-b,101000000
c:1668,c:10360,2006-06-01,series-c+,75000000
c:1853,c:479,2008-01-01,series-c+,27000000
c:1080,c:250,2008-01-01,series-b,29500000
c:1923,c:20953,2008-02-07,angel,900000
c:38,c:2913,2008-03-10,series-b,6100000
c:517,c:20953,2008-04-07,series-a,6500000
c:5293,c:39797,2008-04-22,series-b,7000000
c:5588,c:5707,2005-06-09,series-a,12000000
c:6340,c:41,2008-06-01,series-b,8000000
c:701,c:20953,2008-06-26,series-a,1500000
c:8583,c:1230,2008-07-21,series-a,5000000
c:1870,c:28,2008-08-06,series-c+,22000000
c:1870,c:1915,2008-08-06,series-c+,22000000
c:1870,c:5471,2008-08-06,series-c+,22000000
c:1668,c:10360,2008-03-01,series-c+,300000000
c:1668,c:2467,2008-03-01,series-c+,300000000
c:11571,c:30480,2009-07-27,series-c+,12200000
c:11684,c:59,2005-07-06,venture,100000000
c:11684,c:45,2005-07-06,venture,100000000
c:1731,c:59,2006-12-01,angel,0
c:12315,c:8750,2006-11-21,series-b,16000000
c:176,c:12775,2008-10-22,series-c+,22700000
c:12352,c:13246,2008-10-30,series-c+,30000000
c:10795,c:28,2008-11-19,venture,22000000
c:15563,c:8750,2008-05-12,series-c+,14500000
c:15768,c:15774,2008-03-11,venture,55000000
c:15829,c:15828,2007-05-01,series-a,13300000
c:16291,c:3320,2007-01-22,series-b,19500000
c:16291,c:14111,2007-01-22,series-b,19500000
c:16744,c:16742,2007-11-01,series-c+,7500000
c:16744,c:16743,2007-11-01,series-c+,7500000
c:15611,c:1242,2009-01-12,series-c+,24000000
c:565,c:5107,2007-09-10,venture,65000000
c:17219,c:17218,2009-01-15,venture,7600000
c:18875,c:17633,2007-07-06,series-c+,12000000
c:18875,c:28,2007-07-06,series-c+,12000000
c:742,c:41,2009-01-22,venture,20000000
c:17990,c:4816,2007-03-21,series-c+,107000000
c:18135,c:28,2007-06-12,venture,8000000
c:18164,c:28,2007-06-06,series-a,13000000
c:1209,c:28,2009-02-19,series-c+,3000000
c:20113,c:20112,2009-03-10,series-b,7000000
c:3001,c:21172,2009-04-06,series-c+,10000000
c:1663,c:1916,2009-04-13,series-c+,69000000
c:21733,c:21732,2009-02-02,venture,0
c:15832,c:22774,2008-06-25,series-c+,17430000
c:22847,c:16280,2008-06-27,series-c+,20000000
c:9659,c:23186,2008-04-09,series-c+,14500000
c:4538,c:20953,2009-05-19,series-a,800000
c:924,c:10119,2009-05-23,series-c+,6000000
c:6314,c:233529,2008-06-27,series-c+,115000000
c:23829,c:23830,2009-05-27,series-a,2000000
c:24283,c:28,2008-10-12,series-a,65000000
c:24837,c:55260,2009-06-15,series-c+,11600000
c:24986,c:32435,2009-05-22,series-c+,30000000
c:24986,c:32435,2006-10-23,series-b,19000000
c:23227,c:27691,2009-06-08,series-b,10000000
c:23227,c:29801,2009-06-08,series-b,10000000
c:25149,c:25150,2009-01-06,series-c+,50000000
c:25247,c:25248,2009-03-09,series-c+,6000000
c:1680,c:25424,2009-05-19,series-c+,50000000
c:25491,c:12598,2008-08-05,venture,2270000
c:25492,c:13403,2009-01-08,series-c+,20000000
c:25583,c:28,2008-09-23,series-c+,47500000
c:25716,c:966,2009-01-22,venture,15000000
c:25737,c:25740,2008-07-03,series-a,18000000
c:26028,c:20953,2009-06-29,angel,500000
c:16291,c:14111,2009-03-09,series-c+,5000000
c:1856,c:28,2010-01-04,series-c+,27500000
c:27057,c:2520,2009-06-01,angel,0
c:3860,c:28,2009-07-22,series-c+,23000000
c:28403,c:2520,2009-06-01,angel,0
c:28424,c:233529,2008-11-19,venture,14500000
c:28465,c:15306,2009-07-29,series-b,24150000
c:13927,c:34590,2009-08-05,series-a,10000000
c:29052,c:362,2009-08-06,angel,18000
c:29507,c:168371,2013-08-26,series-a,5232753
c:29609,c:29610,2009-10-01,series-c+,68000000
c:27556,c:82304,2007-08-31,series-b,20600000
c:26305,c:29983,2007-05-11,venture,20000000
c:31737,c:29610,2007-06-13,private-equity,8387128
c:31970,c:25912,2007-08-21,series-a,16000000
c:1680,c:25424,2009-09-16,venture,82500000
c:25839,c:15785,2009-08-05,series-c+,14400000
c:20187,c:2520,2009-09-14,venture,750000
c:25839,c:15785,2009-10-07,venture,14400000
c:33653,c:33654,2009-10-09,series-c+,22100000
c:33862,c:33860,2009-10-12,series-a,5000000
c:23692,c:3131,2009-10-13,venture,17000000
c:29904,c:2520,2009-08-19,angel,15000
c:29904,c:20953,2009-10-19,angel,1000000
c:29904,c:22381,2009-10-19,angel,1000000
c:34073,c:35009,2008-08-01,angel,1300000
c:34402,c:28,2007-04-03,series-b,18000000
c:34736,c:64606,2009-11-25,series-a,30000000
c:35728,c:27621,2009-11-13,series-a,10700000
c:18082,c:18081,2010-01-15,series-c+,10000000
c:18082,c:40487,2010-01-15,series-c+,10000000
c:36059,c:9786,2009-11-18,series-a,15500000
c:20156,c:590,2009-11-18,series-c+,20000000
c:20156,c:71,2009-11-18,series-c+,20000000
c:20156,c:5394,2009-11-18,series-c+,20000000
c:36613,c:36611,2009-11-24,venture,1400000
c:36613,c:36612,2009-11-24,venture,1400000
c:37647,c:2602,2008-02-29,series-c+,18800000
c:37690,c:32188,2008-01-15,series-c+,32000000
c:37805,c:9521,2008-03-24,venture,5250000
c:37805,c:42408,2008-03-24,venture,5250000
c:37981,c:32165,2009-12-17,venture,500000
c:38056,c:276023,2008-01-22,series-b,10000000
c:38362,c:163863,2009-12-22,venture,750000
c:62,c:20,2009-11-19,other,50000000
c:11571,c:30480,2009-12-28,series-c+,1100000
c:13679,c:4304,2010-01-25,series-c+,31000000
c:6460,c:1972,2010-01-06,venture,5019998
c:39395,c:16041,1999-12-10,series-b,12000000
c:924,c:10119,2010-01-13,series-c+,22000000
c:25392,c:30504,2009-10-08,venture,22000000
c:20889,c:362,2010-01-11,series-a,1980000
c:9321,c:15306,2009-10-12,venture,7600000
c:40812,c:40814,2010-03-08,series-c+,25000000
c:40812,c:17124,2010-03-08,series-c+,25000000
c:41343,c:41345,2009-11-03,series-a,0
c:41368,c:3824,2010-02-04,series-c+,30000000
c:38916,c:58740,2007-12-11,series-c+,44380000
c:41677,c:7389,2007-02-08,series-a,25000000
c:42301,c:5687,2007-01-22,series-b,0
c:18875,c:17633,2007-07-05,series-c+,12000000
c:18875,c:28,2007-07-05,series-c+,12000000
c:12315,c:8750,2010-02-22,venture,14100000
c:21144,c:28,2010-02-24,series-b,10500000
c:7998,c:20953,2010-02-18,other,1500000
c:41336,c:15280,2010-03-03,series-b,3300000
c:23382,c:14963,2010-03-10,series-b,7500000
c:23382,c:29983,2010-03-10,series-b,7500000
c:20953,c:250,2010-03-11,series-b,20000000
c:8583,c:1230,2010-03-11,series-b,25000000
c:43680,c:23339,2007-10-26,series-b,30000000
c:43696,c:34590,2007-02-27,series-c+,25500000
c:37350,c:43903,2007-08-03,series-c+,8800000
c:615,c:43946,2007-09-18,series-a,6100000
c:615,c:43947,2007-09-18,series-a,6100000
c:21762,c:2520,2010-02-01,angel,0
c:36444,c:8608,2010-03-17,venture,7000000
c:30814,c:53237,2010-04-01,series-a,4430000
c:25392,c:45305,2007-02-15,series-c+,26000000
c:25392,c:18117,2007-02-15,series-c+,26000000
c:18161,c:28,2006-05-22,series-c+,11000000
c:35496,c:45856,2010-04-15,series-a,3400000
c:24648,c:5866,2010-04-15,series-b,5000000
c:45605,c:1972,2010-04-15,series-b,8000000
c:12171,c:28,2006-05-17,series-c+,6300000
c:1325,c:28,2010-04-19,series-c+,20000000
c:1325,c:67716,2010-04-19,series-c+,20000000
c:29051,c:362,2010-04-20,series-a,5000000
c:22413,c:15246,2010-04-15,venture,16799998
c:46338,c:46339,2006-03-31,series-a,14000000
c:46621,c:46620,2006-04-25,series-c+,2000000
c:11118,c:991,2010-04-28,series-a,1600000
c:8583,c:1230,2010-04-29,series-c+,14000000
c:4235,c:6470,2010-04-28,series-b,7000000
c:47690,c:26971,2006-03-15,series-c+,22000000
c:25510,c:15306,2006-07-06,series-c+,20000000
c:37713,c:47789,2006-01-24,series-c+,20000000
c:37713,c:47790,2006-01-24,series-c+,20000000
c:33426,c:2659,2009-05-27,venture,15000000
c:25511,c:12390,2006-10-26,series-c+,12000000
c:48436,c:28,2006-06-20,series-a,10900000
c:48523,c:48524,2006-11-07,series-c+,15000000
c:48022,c:20953,2010-05-24,series-a,800000
c:48619,c:38038,2010-05-27,series-c+,24000000
c:22847,c:16280,2006-09-12,venture,7000000
c:27856,c:29326,2011-02-28,series-b,8000000
c:25464,c:28,2006-03-08,series-c+,3000000
c:7643,c:20953,2010-06-07,angel,1100000
c:1209,c:28,2010-06-09,series-c+,4500000
c:29609,c:33472,2010-07-14,series-c+,109000000
c:50075,c:37093,2010-06-18,series-b,12000000
c:50487,c:1080,2010-06-28,angel,1000000
c:50487,c:231067,2010-06-28,angel,1000000
c:50487,c:2520,2010-06-28,angel,1000000
c:27559,c:28,2010-06-29,series-c+,13600000
c:27109,c:28,2005-05-13,series-c+,10000000
c:36788,c:23339,2005-11-10,venture,26600000
c:51087,c:40359,2010-06-16,venture,5160000
c:32738,c:64606,2010-09-09,series-b,28000000
c:51350,c:25082,2010-06-16,series-a,15000000
c:51360,c:42013,2010-04-08,series-b,41300000
c:51897,c:20953,2010-07-15,angel,500000
c:40324,c:54926,2010-03-01,series-b,22000000
c:52213,c:52212,2010-03-29,venture,11500000
c:52463,c:23339,2010-03-17,venture,1500000
c:46586,c:2520,2010-08-02,angel,1000000
c:15453,c:53360,2005-07-28,venture,66000000
c:14001,c:27691,2006-02-01,series-a,21000000
c:14001,c:28,2006-02-01,series-a,21000000
c:36871,c:4304,2005-03-01,venture,18000000
c:48371,c:28,2005-06-08,series-c+,12000000
c:53693,c:8661,2005-05-05,series-c+,12000000
c:54058,c:23339,2010-08-10,series-c+,32000000
c:55088,c:28,2010-08-25,series-c+,10000000
c:55405,c:32735,2005-05-02,venture,5140000
c:43680,c:23339,2005-12-06,series-a,3500000
c:43954,c:5182,2010-09-02,series-b,6000000
c:5276,c:29456,2010-09-07,series-b,5000000
c:21814,c:56161,2010-09-08,series-c+,15000000
c:56447,c:34590,2010-09-10,series-a,18000000
c:26305,c:56737,2010-09-13,venture,6600000
c:52126,c:24097,2010-09-17,series-a,6000000
c:30343,c:7913,2010-09-14,venture,1100000
c:36799,c:57168,2010-09-21,series-b,13000000
c:57429,c:26555,2010-09-24,series-c+,12000000
c:20559,c:5622,2010-09-27,series-b,4300000
c:57879,c:57878,2010-09-29,series-a,4750000
c:22991,c:28,2005-02-04,series-c+,19480000
c:9145,c:1242,2010-10-05,series-c+,50000000
c:7998,c:20953,2010-10-08,series-b,10000000
c:58731,c:28,2010-10-12,venture,16000000
c:59024,c:36547,2005-07-14,series-a,4500000
c:24923,c:59403,2010-10-19,series-b,20000000
c:15013,c:20,2010-10-26,series-b,9000000
c:949,c:28,2010-10-27,series-c+,10000000
c:59859,c:3166,2010-10-28,angel,1100000
c:10272,c:18311,2010-07-20,venture,35500000
c:37805,c:9521,2010-08-18,venture,8547546
c:37805,c:42408,2010-08-18,venture,8547546
c:55987,c:60510,2010-09-24,venture,14900000
c:1038,c:396,2010-11-01,venture,18000000
c:55654,c:33654,2010-10-28,venture,31018585
c:61142,c:8001,2010-11-05,series-c+,60000000
c:25210,c:23339,2010-11-17,series-c+,36500000
c:53453,c:83551,2010-11-18,series-a,2000000
c:62188,c:16734,2010-07-15,venture,20000000
c:44690,c:49174,2010-11-24,angel,1250000
c:55943,c:28,2010-07-01,angel,250000
c:39799,c:59,2010-11-30,venture,410000000
c:58545,c:3013,2010-11-29,angel,500000
c:8583,c:317,2010-12-02,series-c+,183000000
c:40425,c:63278,2010-12-06,series-b,6000000
c:972,c:1972,2010-12-08,venture,27000000
c:13245,c:317,2010-12-08,series-b,9000000
c:13245,c:9891,2010-12-08,series-b,9000000
c:169876,c:7956,2010-12-13,series-a,1750000
c:64088,c:15306,2013-10-09,series-a,4902818
c:701,c:20953,2011-01-06,series-b,10100000
c:25527,c:1230,2011-01-07,series-a,7600000
c:22784,c:17066,2011-01-10,series-b,27500000
c:40812,c:28,2011-01-17,series-c+,45000000
c:66633,c:23339,2011-01-11,series-a,4400000
c:8036,c:20406,2011-01-20,series-b,15000000
c:200,c:1972,2011-02-01,series-c+,4000000
c:69345,c:2520,2010-06-01,angel,17000
c:69748,c:20953,2010-12-01,angel,1200000
c:69890,c:2520,2012-01-05,angel,0
c:21856,c:82257,2008-01-24,angel,0
c:70153,c:53654,2011-03-01,series-b,12400000
c:53757,c:49174,2011-03-14,series-a,1640000
c:71312,c:71311,2011-10-04,series-b,21600000
c:23852,c:20953,2011-03-18,venture,10000000
c:43872,c:59155,2011-03-25,venture,7712103
c:72270,c:57130,2011-03-29,series-a,3350000
c:924,c:10119,2011-03-31,series-c+,6000000
c:8583,c:317,2011-04-04,series-c+,400000000
c:73174,c:34590,2011-04-07,venture,45000000
c:29184,c:63992,2011-04-06,series-c+,37294997
c:53254,c:1504,2011-08-03,series-c+,36000000
c:43502,c:1640,2011-04-13,venture,19000000
c:74802,c:105504,2011-04-27,angel,1000000
c:477,c:15767,2011-04-27,series-c+,12500000
c:477,c:28,2011-04-27,series-c+,12500000
c:75514,c:176481,2011-05-05,series-b,19500000
c:34,c:1230,2011-05-10,series-c+,20000000
c:6191,c:15142,2011-05-12,venture,6500000
c:59436,c:2520,2011-05-13,angel,1100000
c:42635,c:35739,2011-05-19,series-b,10800000
c:38342,c:27436,2011-05-23,venture,23000000
c:77209,c:23339,2011-08-02,series-a,2100000
c:68157,c:16441,2010-08-01,angel,590000
c:66047,c:20953,2011-06-02,venture,5000000
c:5488,c:5722,2011-06-06,series-c+,21000000
c:45605,c:1972,2011-06-08,series-c+,14000000
c:69286,c:18871,2011-06-09,series-b,10500000
c:27429,c:78719,2011-06-09,venture,15000000
c:78813,c:78812,2008-09-01,series-a,5700000
c:35437,c:33654,2011-06-15,series-c+,30000000
c:3860,c:32113,2011-06-20,series-c+,50000000
c:3860,c:28787,2011-06-20,series-c+,50000000
c:3860,c:28,2011-06-20,series-c+,50000000
c:245097,c:20953,2011-02-16,series-a,2000000
c:48619,c:30570,2011-06-20,series-c+,14000000
c:48619,c:38038,2011-06-20,series-c+,14000000
c:70139,c:1666,2011-06-21,series-a,5550000
c:78868,c:362,2011-06-27,angel,1000000
c:80398,c:34590,2011-06-27,venture,35000000
c:16593,c:317,2011-07-07,venture,0
c:81822,c:2520,2011-07-12,series-a,2100000
c:49031,c:13402,2002-11-01,series-c+,38000000
c:49031,c:81939,2002-11-01,series-c+,38000000
c:49031,c:64372,2005-11-01,series-c+,20000000
c:69948,c:18127,2011-07-19,series-a,6555160
c:169876,c:7956,2011-08-11,series-a,7700000
c:51794,c:22057,2011-07-27,series-a,7000000
c:83557,c:33472,2011-07-28,series-c+,20000000
c:83700,c:20953,2011-07-30,angel,500000
c:761,c:84069,2011-09-22,series-c+,75000000
c:12,c:84069,2011-08-02,series-c+,400000000
c:40418,c:59155,2011-08-04,venture,35088928
c:26028,c:20953,2011-08-09,series-a,4100000
c:65623,c:2520,2011-08-10,venture,1500000
c:183,c:1972,2011-10-28,series-c+,81000000
c:59349,c:362,2011-04-15,angel,600000
c:41539,c:40413,2011-08-23,series-a,1500000
c:86562,c:1972,2011-08-29,series-a,10500000
c:86562,c:36547,2011-08-29,series-a,10500000
c:28424,c:233529,2011-08-30,series-b,15000000
c:77400,c:362,2013-04-29,series-a,2500000
c:10272,c:18311,2011-09-07,venture,200000000
c:10272,c:51828,2011-09-07,venture,200000000
c:15952,c:32264,2011-09-08,venture,22000000
c:82668,c:58717,2011-09-08,series-a,1500000
c:82668,c:179680,2011-09-08,series-a,1500000
c:64284,c:362,2011-09-01,angel,900000
c:949,c:28,2011-09-08,series-c+,10000000
c:34402,c:838,2011-09-08,venture,100000000
c:27891,c:28,2011-09-12,series-c+,7500000
c:67872,c:362,2011-09-22,angel,730000
c:67872,c:20953,2011-09-22,angel,730000
c:61074,c:362,2011-09-19,other,810000
c:1660,c:106661,2011-09-19,venture,85000000
c:1475,c:317,2011-09-19,venture,2000000
c:1639,c:1640,2011-09-21,venture,133000000
c:1873,c:63992,2011-09-22,series-c+,13000000
c:46294,c:26439,2012-09-20,series-c+,26198006
c:46294,c:64703,2012-09-20,series-c+,26198006
c:34607,c:164199,2011-11-17,series-a,2100000
c:1721,c:5622,2011-09-29,venture,30000000
c:131551,c:40489,2011-07-29,venture,54000000
c:137099,c:1972,2011-10-10,venture,0
c:137138,c:4175,2011-10-11,series-a,2000000
c:137138,c:137136,2011-10-11,series-a,2000000
c:742,c:41,2011-10-27,series-c+,14000000
c:832,c:1640,2011-10-17,series-c+,12000000
c:70791,c:38728,2011-10-19,series-a,14500000
c:70791,c:1230,2011-10-19,series-a,14500000
c:77339,c:17218,2011-10-20,series-b,6400000
c:21501,c:46364,2012-02-10,series-c+,8000000
c:63505,c:139356,2011-10-21,series-b,20000000
c:37381,c:69527,2001-09-01,series-c+,18000000
c:85509,c:2520,2011-10-27,venture,2500000
c:140165,c:2520,2011-10-27,venture,1200000
c:15013,c:7563,2011-11-01,series-c+,15000000
c:15013,c:20,2011-11-01,series-c+,15000000
c:140731,c:17218,2011-11-02,venture,0
c:69279,c:66850,2011-11-03,angel,600000
c:24342,c:1972,2011-11-07,series-c+,15100000
c:24342,c:4843,2011-11-07,series-c+,15100000
c:24834,c:10485,2011-11-07,series-c+,20000000
c:69931,c:2520,2011-11-08,angel,1200000
c:15829,c:28,2011-11-10,series-c+,21000000
c:76204,c:1230,2011-11-10,series-b,26000000
c:28287,c:28285,2011-11-18,series-b,3250000
c:38752,c:37093,2011-11-17,series-c+,78000000
c:75626,c:34590,2011-11-17,series-a,7000000
c:80810,c:2520,2011-11-18,series-a,1500000
c:26167,c:245656,2011-11-28,series-a,1000000
c:26167,c:1567,2011-11-28,series-a,1000000
c:28403,c:73822,2011-11-29,series-a,3000000
c:71372,c:77602,2011-12-01,series-a,1700000
c:8583,c:317,2011-11-18,series-c+,176000000
c:12608,c:144401,2011-11-30,series-c+,9000000
c:12608,c:144404,2011-11-30,series-c+,9000000
c:86960,c:17896,2011-12-15,venture,2100000
c:85155,c:2520,2011-12-02,series-a,1500000
c:62424,c:34057,2011-12-19,series-b,10000000
c:23976,c:144922,2011-12-20,venture,130000000
c:58420,c:2520,2011-12-20,angel,1000000
c:20009,c:3102,2011-12-20,series-a,6500000
c:874,c:5891,2011-12-21,venture,40000000
c:86440,c:2520,2012-01-05,venture,2600000
c:146187,c:1972,2012-01-05,angel,1400000
c:146187,c:2520,2012-01-05,angel,1400000
c:45412,c:59279,2012-01-11,series-a,4100000
c:147034,c:24097,2013-05-29,series-a,3000000
c:29051,c:362,2012-01-17,series-b,21600000
c:17768,c:26555,2012-01-17,series-c+,9300000
c:147200,c:66057,2012-01-18,series-a,10000000
c:1773,c:35739,2012-01-23,series-c+,85000000
c:70855,c:230909,2012-01-23,series-a,1750000
c:70855,c:230938,2012-01-23,series-a,1750000
c:70855,c:230939,2012-01-23,series-a,1750000
c:70855,c:230940,2012-01-23,series-a,1750000
c:70855,c:230941,2012-01-23,series-a,1750000
c:70855,c:230942,2012-01-23,series-a,1750000
c:148191,c:31875,2012-01-30,series-a,10000000
c:1163,c:17066,2012-01-31,series-c+,40000000
c:64465,c:49997,2012-02-02,series-b,5000000
c:128427,c:57774,2012-02-06,series-a,1500000
c:148846,c:2520,2012-02-07,venture,1500000
c:145938,c:362,2012-01-01,other,400000
c:148860,c:148859,2012-02-07,venture,6000000
c:24358,c:64423,2012-02-13,series-c+,19200000
c:54504,c:149626,2011-05-03,series-a,3900000
c:54504,c:149627,2011-05-03,series-a,3900000
c:87225,c:34047,2012-02-16,angel,1000000
c:147755,c:2520,2012-01-25,angel,0
c:54504,c:149627,2012-02-10,other,3000000
c:54504,c:149626,2012-02-10,other,3000000
c:81769,c:66946,2012-02-23,angel,1200000
c:81769,c:2520,2012-02-23,angel,1200000
c:67692,c:64703,2012-02-29,series-a,8000000
c:147680,c:20953,2012-02-01,angel,0
c:151453,c:71323,2011-02-01,series-a,2100000
c:151478,c:142967,2012-03-06,angel,1000000
c:53,c:3320,2012-03-14,venture,100000000
c:39652,c:202015,2012-06-12,series-b,6000000
c:39652,c:6470,2012-06-12,series-b,6000000
c:145203,c:2520,2011-12-01,angel,400000
c:64795,c:37441,2012-03-22,venture,2560000
c:153354,c:153355,2012-03-28,series-c+,12000000
c:40456,c:30094,2012-03-30,series-c+,50000000
c:40456,c:8750,2012-03-30,series-c+,50000000
c:56447,c:34590,2012-04-02,series-b,14000000
c:149294,c:142967,2012-04-05,series-a,2500000
c:154599,c:48400,2012-04-10,series-a,3120000
c:154602,c:15306,2012-04-10,series-b,0
c:139213,c:362,2012-04-11,series-a,1650000
c:3744,c:29929,2012-04-12,venture,16400000
c:42186,c:203115,2013-04-19,series-b,4125000
c:24278,c:23339,2012-04-24,series-b,20000000
c:45235,c:3657,2012-04-25,series-a,5000000
c:45235,c:1972,2012-04-25,series-a,5000000
c:45235,c:2520,2012-04-25,series-a,5000000
c:145905,c:2520,2012-04-26,series-a,2000000
c:58916,c:838,2012-04-26,series-b,10100000
c:145533,c:164199,2012-04-27,angel,900000
c:157012,c:71628,2012-05-01,series-b,26500000
c:157012,c:165990,2012-05-01,series-b,26500000
c:17894,c:323,2010-02-23,series-b,4500000
c:38342,c:77944,2012-05-02,venture,11500000
c:38342,c:27436,2012-05-02,venture,11500000
c:152923,c:20953,2012-05-02,series-a,4200000
c:17894,c:1915,2012-05-03,series-c+,8000000
c:17894,c:63480,2012-05-03,series-c+,8000000
c:17894,c:323,2012-05-03,series-c+,8000000
c:144243,c:43111,2012-05-04,series-a,1500000
c:144243,c:2520,2012-05-04,series-a,1500000
c:144243,c:46002,2012-05-04,series-a,1500000
c:21814,c:41032,2012-05-07,series-c+,47500000
c:21814,c:172289,2012-05-07,series-c+,47500000
c:25210,c:23339,2012-05-08,series-c+,16500000
c:157808,c:2520,2012-01-01,angel,0
c:73846,c:73845,2012-05-09,series-a,2600000
c:73846,c:362,2012-05-09,series-a,2600000
c:67916,c:1972,2012-05-14,series-a,4500000
c:158546,c:78430,2012-05-15,series-c+,25000000
c:58846,c:838,2012-05-17,series-c+,100000000
c:72527,c:2520,2012-05-17,series-a,2100000
c:158750,c:44251,2011-06-01,angel,75000
c:68724,c:44251,2010-06-01,angel,15000
c:158895,c:44251,2011-06-01,angel,75000
c:28085,c:44251,2011-06-01,angel,75000
c:158900,c:44251,2011-06-01,angel,25000
c:1522,c:8750,2012-05-21,venture,2000000
c:45624,c:2520,2012-05-24,angel,1400000
c:46308,c:17066,2012-05-25,series-b,30000000
c:46308,c:14046,2012-05-25,series-b,30000000
c:46308,c:38866,2012-05-25,series-b,30000000
c:46308,c:56009,2012-05-25,series-b,30000000
c:150849,c:2520,2012-05-25,series-a,3300000
c:159688,c:2520,2012-05-29,angel,800000
c:266057,c:54431,2011-11-01,angel,1000000
c:52406,c:53823,2012-06-05,series-b,9000000
c:52406,c:160503,2012-06-05,series-b,9000000
c:40165,c:24097,2012-06-06,venture,3000000
c:82443,c:63992,2012-06-07,venture,14000000
c:44692,c:139356,2012-06-07,series-b,20000000
c:153097,c:2520,2012-06-07,angel,1400000
c:5582,c:161042,2012-06-11,venture,45000000
c:67418,c:20953,2012-06-12,angel,910000
c:67418,c:591,2012-06-12,angel,910000
c:161299,c:161303,2012-06-13,series-c+,21000000
c:161299,c:9419,2012-06-13,series-c+,21000000
c:43907,c:31615,2012-06-13,series-b,25000000
c:70382,c:38866,2012-06-15,series-b,31400000
c:70382,c:1640,2012-06-15,series-b,31400000
c:22295,c:77195,2012-06-18,series-c+,135000000
c:162182,c:250,2010-09-01,series-a,8000000
c:162182,c:20953,2010-09-01,series-a,8000000
c:155509,c:6470,2012-06-21,series-b,17300000
c:41603,c:162608,2012-06-25,series-c+,9000000
c:41603,c:162722,2012-06-25,series-c+,9000000
c:162721,c:2520,2012-06-01,angel,20000
c:77834,c:1230,2012-07-03,venture,6000000
c:58531,c:362,2011-03-15,angel,300000
c:164093,c:30822,2012-07-09,venture,1000000
c:78008,c:73652,2012-07-10,venture,2100000
c:45395,c:164303,2012-07-06,series-b,13400000
c:45395,c:6041,2012-07-06,series-b,13400000
c:53343,c:73822,2012-07-17,series-b,11000000
c:21515,c:32435,2012-07-18,series-a,3500000
c:169876,c:35531,2012-07-18,series-c+,105000000
c:165224,c:2520,2012-08-14,series-a,2500000
c:109,c:28,2012-07-23,venture,10000000
c:32773,c:233529,2012-07-23,venture,3460000
c:151467,c:1972,2012-07-24,series-a,2700000
c:5611,c:396,2012-07-25,series-c+,45000000
c:5611,c:48671,2012-07-25,series-c+,45000000
c:109480,c:42960,2012-07-26,series-b,76000000
c:77626,c:362,2012-07-27,angel,525000
c:75799,c:317,2012-07-30,angel,1400000
c:166520,c:2520,2012-07-30,series-a,2800000
c:66945,c:76224,2012-07-31,angel,1000000
c:159723,c:2520,2012-08-02,series-a,13900000
c:66231,c:179680,2012-08-09,angel,1000000
c:73908,c:36547,2011-07-13,series-a,1300000
c:85966,c:48006,2011-12-01,angel,380000
c:35499,c:10119,2012-08-07,series-c+,12000000
c:22784,c:4135,2012-09-17,series-c+,200000000
c:22784,c:171756,2012-09-17,series-c+,200000000
c:1873,c:63992,2012-08-14,venture,21500000
c:165901,c:2520,2012-08-14,other,900000
c:158606,c:168311,2012-08-16,series-b,10750000
c:168904,c:35739,2012-08-21,venture,12000000
c:47966,c:323,2012-08-22,series-b,25500000
c:169126,c:154011,2012-08-23,series-a,20000000
c:169497,c:169496,2012-08-27,series-c+,50000000
c:24252,c:1972,2012-08-27,series-b,3000000
c:169663,c:143982,2012-08-28,series-a,0
c:169785,c:169784,2011-04-01,series-b,17800000
c:159490,c:44251,2012-06-01,angel,75000
c:159497,c:44251,2012-06-01,angel,75000
c:159514,c:44251,2012-06-01,angel,75000
c:168018,c:41355,2013-03-18,series-a,2700000
c:170682,c:170683,2012-09-05,venture,21000000
c:66124,c:1640,2013-01-01,series-b,41500000
c:158895,c:7913,2012-07-17,series-a,1200000
c:140129,c:117380,2012-09-12,series-b,77199900
c:46007,c:52207,2012-09-20,series-b,42500000
c:172205,c:2520,2012-09-21,venture,250000
c:140441,c:167989,2012-09-26,series-a,3000000
c:58387,c:35739,2012-09-25,series-a,4200000
c:73066,c:58,2012-10-01,angel,1000000
c:158354,c:85007,2012-10-03,angel,1100000
c:173420,c:16441,2012-10-04,series-a,1500000
c:173515,c:231067,2012-10-05,angel,1100000
c:173515,c:2520,2012-10-05,angel,1100000
c:23382,c:29983,2012-10-05,series-c+,12000000
c:173548,c:148835,2012-10-05,angel,1000000
c:53254,c:1504,2012-10-08,venture,7500000
c:53254,c:42276,2012-10-08,venture,7500000
c:147795,c:4304,2012-10-09,series-c+,55000000
c:163791,c:148835,2012-10-09,angel,800000
c:54660,c:222640,2012-10-10,series-c+,30000000
c:150610,c:2520,2012-10-10,venture,0
c:174135,c:65898,2012-10-10,series-a,1750000
c:174569,c:2520,2012-10-15,venture,1900000
c:79066,c:278945,2012-10-17,venture,7400000
c:56175,c:233529,2012-10-17,venture,8000000
c:168371,c:2520,2012-10-19,series-a,6500000
c:168371,c:168371,2012-10-19,series-a,6500000
c:162721,c:2520,2012-10-22,series-a,3000000
c:146020,c:175703,2012-10-24,angel,750000
c:146020,c:175704,2012-10-24,angel,750000
c:166739,c:168371,2012-10-25,venture,2300000
c:166739,c:2520,2012-10-25,venture,2300000
c:59986,c:1972,2013-05-01,series-a,4000000
c:175729,c:175733,2012-10-26,venture,2135000
c:175840,c:20953,2012-10-26,series-a,2500000
c:152816,c:20953,2012-10-29,angel,1000000
c:23675,c:1972,2012-10-30,series-b,2100000
c:175620,c:23423,2012-10-30,angel,1000000
c:148334,c:164199,2012-10-31,series-a,1500000
c:151478,c:142967,2012-11-01,series-a,9800000
c:54057,c:222640,2012-11-09,series-a,26099699
c:74573,c:2520,2012-11-10,venture,750000
c:152684,c:2520,2012-11-13,series-a,3200000
c:161866,c:164199,2012-11-01,series-a,1500000
c:174112,c:139356,2012-11-15,angel,750000
c:177791,c:148835,2012-11-14,angel,750000
c:43907,c:31615,2012-11-27,series-b,8000000
c:55597,c:66272,2012-10-01,series-c+,5209548
c:152420,c:74039,2012-11-28,angel,1000000
c:161770,c:76224,2012-04-01,series-a,1500000
c:33942,c:37940,2012-11-30,series-a,1500000
c:189572,c:900,2012-11-28,series-c+,25000000
c:42689,c:318,2013-03-20,series-c+,24400000
c:42689,c:1640,2013-03-20,series-c+,24400000
c:179246,c:53654,2012-11-29,series-a,17000000
c:162131,c:2520,2012-12-04,series-a,1750000
c:20157,c:36087,2012-12-05,series-c+,7000000
c:156251,c:362,2012-12-11,angel,1200000
c:181037,c:44882,2012-12-12,series-b,10000000
c:180928,c:1972,2012-12-12,series-a,6100000
c:180928,c:2520,2012-12-12,series-a,6100000
c:181187,c:139086,2013-11-04,series-a,1500000
c:181187,c:6906,2013-11-04,series-a,1500000
c:167328,c:2520,2012-12-13,series-a,1500000
c:36850,c:181280,2012-12-11,series-b,26000000
c:136044,c:149065,2012-12-13,angel,300000
c:76046,c:43029,2012-12-17,series-b,38000000
c:168151,c:3657,2012-12-19,series-a,1500000
c:168151,c:43111,2012-12-19,series-a,1500000
c:78403,c:33492,2012-12-27,venture,0
c:69286,c:1942,2013-01-03,series-c+,30300000
c:69286,c:18871,2013-01-03,series-c+,30300000
c:36650,c:34590,2013-01-03,series-c+,28000000
c:15563,c:8750,2013-01-11,series-c+,50000000
c:146635,c:2602,2013-01-10,series-a,10000000
c:14514,c:45,2013-01-12,series-b,5600000
c:146413,c:6041,2013-01-11,angel,1000000
c:183837,c:2520,2013-04-29,series-a,1500000
c:183837,c:168371,2013-04-29,series-a,1500000
c:177299,c:20953,2012-11-02,series-a,4000000
c:3024,c:1972,2013-01-14,series-c+,33000000
c:41568,c:8660,2013-01-16,series-b,10000000
c:21875,c:59,2013-01-16,private-equity,450000000
c:35,c:5688,2013-01-17,series-c+,25011200
c:156471,c:1640,2013-01-23,series-b,12400000
c:185094,c:25178,2013-01-13,private-equity,46900000
c:145938,c:362,2013-01-24,series-a,1800000
c:37241,c:33654,2012-12-17,series-c+,10000000
c:136960,c:186027,2013-01-29,series-a,2100000
c:9972,c:24097,2013-01-30,series-b,15000000
c:139490,c:362,2013-01-30,series-a,1400000
c:130176,c:185855,2013-01-31,angel,1300000
c:66920,c:28,2013-02-04,series-b,8000000
c:6191,c:28,2013-02-04,venture,10000000
c:3630,c:5709,2013-02-05,venture,2750000
c:24342,c:4843,2013-02-06,series-c+,25000000
c:168576,c:151981,2013-02-01,angel,750000
c:183834,c:49337,2013-02-07,angel,1200000
c:141688,c:28,2013-02-07,venture,400000
c:141688,c:590,2013-02-07,venture,400000
c:141688,c:11391,2013-02-07,venture,400000
c:171025,c:85007,2013-02-07,angel,360000
c:169953,c:43111,2013-02-14,series-a,6620000
c:169953,c:76224,2013-02-14,series-a,6620000
c:169953,c:168371,2013-02-14,series-a,6620000
c:1287,c:27017,2013-02-11,venture,13000000
c:176234,c:362,2013-02-13,angel,825000
c:176097,c:149065,2012-10-01,series-a,4000000
c:173674,c:2520,2013-02-15,angel,590000
c:65045,c:188264,2013-02-19,private-equity,700000000
c:187182,c:164199,2013-02-19,series-a,3000000
c:188589,c:188588,2013-02-20,series-b,10000000
c:72225,c:4843,2013-02-27,series-a,1500000
c:163875,c:147170,2013-02-28,angel,1000000
c:31038,c:5108,2013-03-05,series-b,6300000
c:190384,c:235179,2013-03-05,venture,1500000
c:190384,c:258677,2013-03-05,venture,1500000
c:183968,c:43679,2013-03-06,series-a,3600000
c:140731,c:17218,2013-03-07,series-c+,2000000
c:173985,c:15545,2013-03-11,series-a,500000
c:101317,c:164199,2012-01-01,series-a,2000000
c:3744,c:29929,2013-03-13,venture,30000000
c:191954,c:20953,2013-03-01,series-a,1875000
c:34945,c:2520,2010-09-29,series-a,1900000
c:152591,c:2520,2012-03-21,angel,0
c:192086,c:2520,2013-03-19,series-a,4000000
c:157533,c:168371,2013-07-16,angel,1200000
c:164489,c:2520,2012-07-12,angel,0
c:83279,c:29,2011-06-01,series-a,23000000
c:52463,c:23339,2013-03-25,series-b,8000000
c:3147,c:5891,2013-03-20,series-c+,23000000
c:191639,c:2520,2013-03-15,series-a,2000000
c:188673,c:20953,2013-03-22,series-a,4500000
c:8883,c:94,2013-03-20,series-a,0
c:8883,c:15246,2013-03-20,series-a,0
c:8883,c:590,2013-03-20,series-a,0
c:8883,c:1242,2013-03-20,series-a,0
c:162995,c:2520,2013-04-03,series-a,2000000
c:57003,c:45857,2013-03-21,series-b,6500000
c:193682,c:72284,2013-07-11,series-a,500000
c:148618,c:154756,2013-04-01,angel,1000000
c:138502,c:20,2013-04-01,series-c+,75000000
c:193389,c:231067,2013-04-02,angel,1300000
c:184549,c:20953,2013-04-03,angel,1300000
c:184549,c:19279,2013-04-03,angel,1300000
c:617,c:1972,2013-04-03,private-equity,37000000
c:194993,c:231067,2013-03-01,series-a,1800000
c:54701,c:150760,2013-04-05,series-c+,9100000
c:54701,c:1640,2013-04-05,series-c+,9100000
c:51174,c:195321,2013-04-04,series-c+,13000000
c:168315,c:35317,2013-04-06,series-a,3000000
c:166016,c:3657,2013-04-09,series-a,2500000
c:195554,c:10119,2013-04-08,series-c+,10000000
c:195354,c:195366,2013-04-08,series-a,0
c:54808,c:69815,2013-04-10,series-b,18700000
c:144290,c:24097,2013-04-10,series-a,4450000
c:82080,c:10119,2011-05-19,series-a,10000000
c:177880,c:142176,2012-09-09,angel,105000
c:156114,c:46481,2013-04-12,angel,850000
c:1475,c:317,2013-09-10,private-equity,4700000
c:184075,c:362,2013-01-15,angel,118000
c:36004,c:4018,2013-04-14,private-equity,57000000
c:196997,c:2520,2013-06-06,series-a,2500000
c:196997,c:10455,2013-06-06,series-a,2500000
c:196997,c:149065,2013-06-06,series-a,2500000
c:196997,c:263389,2013-06-06,series-a,2500000
c:196997,c:168371,2013-06-06,series-a,2500000
c:70791,c:1230,2013-04-17,series-b,27500000
c:49520,c:20953,2013-04-17,series-b,10000000
c:197013,c:171298,2013-04-17,series-a,2800000
c:163616,c:4967,2013-04-16,angel,1000000
c:157378,c:48006,2013-04-17,angel,325000
c:47778,c:19066,2013-04-18,series-c+,19000000
c:68,c:15280,2010-02-02,series-b,46600000
c:68,c:139880,2010-02-02,series-b,46600000
c:191681,c:2520,2013-04-16,angel,1100000
c:199397,c:216162,2013-04-18,angel,1000000
c:80820,c:17218,2013-04-23,series-b,7500000
c:2942,c:200399,2013-04-22,private-equity,0
c:20882,c:48006,2013-04-26,angel,1400000
c:76147,c:64030,2013-04-23,venture,16000000
c:134145,c:57868,2012-10-01,series-a,2000000
c:190682,c:2520,2012-01-01,series-a,1600000
c:203069,c:203080,2013-04-30,private-equity,20000000
c:203069,c:44882,2013-04-30,private-equity,20000000
c:146269,c:191520,2013-04-30,series-a,18000000
c:14805,c:5990,2013-05-02,series-a,9000000
c:70204,c:39537,2013-05-01,series-b,4000000
c:70204,c:204674,2013-05-01,series-b,4000000
c:206543,c:32435,2013-05-02,series-b,9787000
c:153705,c:20953,2012-07-01,angel,0
c:70928,c:20953,2010-09-06,angel,775000
c:50264,c:16222,2012-12-17,series-b,5700000
c:70153,c:53654,2013-05-06,private-equity,6400000
c:207270,c:44882,2013-04-07,venture,20000000
c:181145,c:199716,2013-05-07,series-a,6109590
c:181145,c:168371,2013-05-07,series-a,6109590
c:189879,c:8750,2013-05-06,series-b,15000000
c:184551,c:164199,2013-05-06,venture,1350000
c:199206,c:41149,2012-11-01,angel,750000
c:73908,c:36547,2013-05-08,series-b,11000000
c:202214,c:362,2013-05-09,angel,1400000
c:167673,c:5208,2013-05-10,series-a,15000000
c:28287,c:28285,2013-05-09,series-c+,3900000
c:64601,c:102906,2013-05-09,series-b,1300000
c:170804,c:60298,2013-05-09,venture,3200000
c:162838,c:193181,2013-05-09,angel,700000
c:210273,c:210418,2013-05-13,series-a,3369900
c:39345,c:61688,2013-05-14,series-b,5200000
c:29914,c:65835,2013-05-15,series-c+,45000000
c:55088,c:28,2013-05-15,series-c+,20000000
c:210929,c:2520,2013-05-15,series-a,10700000
c:33265,c:28,2013-05-15,series-c+,20000000
c:192983,c:32865,2013-05-19,angel,650000
c:162672,c:18608,2013-05-01,series-c+,40000000
c:67568,c:362,2011-11-01,angel,0
c:72407,c:213180,2013-05-20,angel,1000000
c:72407,c:213181,2013-05-20,angel,1000000
c:153238,c:318,2013-05-20,series-b,5000000
c:66125,c:63992,2013-10-29,series-a,1849997
c:66125,c:203426,2013-10-29,series-a,1849997
c:213934,c:49174,2013-05-21,series-a,2000000
c:171035,c:48006,2013-04-21,angel,0
c:55177,c:42013,2013-05-22,series-a,13400000
c:172597,c:44882,2013-05-22,venture,100000000
c:195542,c:57777,2013-04-01,angel,100000
c:64572,c:8750,2013-05-22,series-b,10000000
c:64572,c:202372,2013-05-22,series-b,10000000
c:214540,c:149065,2013-05-22,angel,500000
c:168193,c:177888,2013-05-01,series-a,9000000
c:74490,c:48006,2013-05-01,angel,0
c:764,c:323,2013-05-24,series-b,5200000
c:216806,c:55180,2013-05-24,series-a,2000000
c:208219,c:143982,2013-05-28,series-a,1500000
c:17957,c:11328,2012-09-27,series-c+,24000000
c:17957,c:10071,2012-09-27,series-c+,24000000
c:186031,c:362,2013-09-05,angel,1200000
c:69783,c:362,2013-04-02,angel,0
c:5611,c:2379,2013-05-29,series-c+,60000000
c:5611,c:48671,2013-05-29,series-c+,60000000
c:5611,c:396,2013-05-29,series-c+,60000000
c:202214,c:362,2013-04-02,angel,0
c:218941,c:45,2013-05-30,angel,1400000
c:67321,c:241541,2013-10-15,series-b,12000000
c:38342,c:27436,2013-06-02,venture,12000000
c:152305,c:4633,2013-06-25,series-a,5000000
c:152305,c:32418,2013-06-25,series-a,5000000
c:152305,c:5394,2013-06-25,series-a,5000000
c:220564,c:254904,2013-08-15,angel,600000
c:18345,c:151111,2013-08-20,private-equity,12000000
c:18345,c:26555,2013-08-20,private-equity,12000000
c:74101,c:164199,2013-06-04,series-a,2200000
c:191637,c:2520,2012-01-01,angel,0
c:193696,c:3689,2013-06-03,private-equity,30000000
c:64631,c:25101,2013-06-04,venture,12500000
c:221428,c:39537,2013-06-04,angel,650000
c:189723,c:168371,2013-06-05,series-a,14500000
c:216894,c:155333,2013-06-03,series-a,1250000
c:50139,c:221911,2013-06-05,series-c+,51000000
c:222303,c:222525,2013-06-06,series-a,3600000
c:146635,c:7563,2013-06-06,series-a,10000000
c:141608,c:211044,2013-06-07,series-b,11500000
c:160052,c:1916,2013-06-07,series-c+,29900000
c:160052,c:162608,2013-06-07,series-c+,29900000
c:24983,c:139911,2013-06-07,venture,12200000
c:86562,c:1972,2013-06-10,series-b,33000000
c:86562,c:36547,2013-06-10,series-b,33000000
c:25508,c:43029,2013-06-10,series-c+,8500000
c:139295,c:224278,2013-06-11,series-b,35000000
c:224313,c:43111,2012-04-04,venture,0
c:223916,c:38150,2013-06-11,angel,600000
c:70738,c:62314,2013-06-12,series-c+,9000000
c:133774,c:1640,2013-06-13,series-b,15000000
c:155523,c:1230,2013-06-13,series-a,21252986
c:225405,c:50662,2012-12-05,series-a,400000
c:225405,c:165045,2012-12-05,series-a,400000
c:49055,c:5744,2013-07-08,series-c+,20000000
c:3407,c:29472,2002-09-09,series-c+,32500000
c:86137,c:60440,2013-06-17,series-a,30000000
c:75626,c:34590,2013-06-17,series-b,15000000
c:4781,c:212250,2012-11-15,series-c+,100000000
c:160585,c:23579,2013-06-19,series-b,6400000
c:187623,c:6041,2011-12-01,series-a,2500000
c:52644,c:35557,2013-06-23,private-equity,54660614
c:145478,c:41866,2013-07-30,private-equity,3500000
c:231129,c:190378,2013-06-25,angel,440000
c:41603,c:176481,2013-06-25,series-c+,39000000
c:41603,c:162608,2013-06-25,series-c+,39000000
c:83279,c:29,2011-11-01,series-b,25000000
c:24238,c:56668,2012-05-09,venture,32000000
c:177791,c:148835,2013-06-25,series-a,3000000
c:18038,c:26940,2013-06-26,series-c+,19000000
c:83809,c:48006,2013-06-26,series-a,3400000
c:173828,c:164199,2013-06-26,series-a,1600000
c:173828,c:48006,2013-06-26,series-a,1600000
c:555,c:59,2013-05-01,venture,125000000
c:232431,c:232430,2013-06-27,angel,295000
c:203257,c:2537,2013-06-27,series-a,25000000
c:20836,c:6798,2013-06-27,venture,2000000
c:61294,c:76224,2013-07-01,series-a,1000000
c:233937,c:233944,2013-07-02,series-a,2000000
c:234010,c:190378,2013-07-02,series-a,1520000
c:220454,c:234038,2013-07-02,series-c+,53000000
c:177575,c:210741,2013-07-02,angel,500000
c:227677,c:226093,2013-07-03,angel,575000
c:81068,c:73822,2012-01-25,angel,1000000
c:234778,c:31357,2012-12-20,venture,9999997
c:17990,c:4816,2005-08-08,series-a,67000000
c:17990,c:3167,2006-04-13,series-c+,150000000
c:17990,c:4816,2006-04-13,series-c+,150000000
c:235451,c:235453,2013-07-05,venture,1000000
c:57976,c:235569,2013-07-08,venture,20000000
c:18529,c:20939,2012-11-21,series-c+,1017308
c:168904,c:35739,2013-06-09,series-c+,50000000
c:169126,c:1640,2013-07-09,series-b,0
c:169126,c:11391,2013-07-09,series-b,0
c:236186,c:236184,2012-01-01,angel,380000
c:236186,c:236185,2012-01-01,angel,380000
c:48951,c:21683,2013-07-10,series-c+,200000000
c:155705,c:207078,2013-07-10,series-b,43000000
c:155705,c:32964,2013-07-10,series-b,43000000
c:169421,c:263389,2013-07-10,series-a,6300000
c:169421,c:6774,2013-07-10,series-a,6300000
c:6460,c:52207,2013-09-24,series-c+,70000000
c:237034,c:222489,2012-12-28,series-a,1750000
c:161241,c:152568,2013-05-01,angel,0
c:36932,c:202372,2013-09-11,private-equity,23500000
c:1400,c:144878,2013-07-12,venture,20000000
c:21144,c:5990,2013-08-26,series-c+,18500000
c:21144,c:28,2013-08-26,series-c+,18500000
c:66843,c:1230,2013-07-16,series-b,23500000
c:186601,c:2520,2011-05-13,angel,200000
c:178811,c:184922,2012-04-20,angel,55000
c:15013,c:20,2013-07-16,series-c+,12100000
c:15013,c:7563,2013-07-16,series-c+,12100000
c:238321,c:75033,2013-07-16,post-ipo,105900000
c:177313,c:237092,2013-07-19,angel,1250000
c:177313,c:237094,2013-07-19,angel,1250000
c:55679,c:234836,2013-07-17,venture,30000000
c:155911,c:9302,2012-04-26,angel,400000
c:156235,c:1972,2013-07-01,series-a,2400000
c:80435,c:143222,2013-07-17,series-c+,31000000
c:80435,c:22932,2013-07-17,series-c+,31000000
c:80435,c:162608,2013-07-17,series-c+,31000000
c:229572,c:9420,2013-07-18,venture,0
c:238964,c:164199,2013-07-18,series-a,1600000
c:74614,c:184220,2013-07-22,venture,15400000
c:178055,c:200754,2013-07-22,angel,1250000
c:60175,c:174300,2013-07-19,series-c+,26000000
c:238254,c:362,2013-07-23,angel,1400000
c:240435,c:172707,2013-07-23,angel,0
c:40872,c:70194,2011-03-01,series-b,6000000
c:40872,c:19433,2011-03-01,series-b,6000000
c:205597,c:8075,2013-08-15,venture,0
c:240329,c:6651,2011-11-28,series-a,450000
c:241203,c:163700,2013-07-25,series-b,10000000
c:241257,c:106156,2013-07-25,series-a,2800000
c:94897,c:241321,2013-07-25,series-a,2500000
c:17878,c:1915,2013-07-25,private-equity,15650000
c:30814,c:1640,2013-07-26,series-c+,16500000
c:235206,c:179680,2013-01-01,angel,0
c:235206,c:163226,2013-01-01,angel,0
c:189021,c:2520,2013-07-26,series-a,2100000
c:189033,c:20266,2013-07-29,series-a,2500000
c:189033,c:242644,2013-07-29,series-a,2500000
c:167457,c:1972,2013-07-30,angel,0
c:217659,c:217658,2013-07-31,series-b,4000000
c:217659,c:217657,2013-07-31,series-b,4000000
c:12315,c:237336,2013-07-31,series-c+,35000000
c:12315,c:5744,2013-07-31,series-c+,35000000
c:143420,c:59155,2013-10-29,series-b,17500000
c:243722,c:239942,2013-07-31,angel,0
c:75514,c:176481,2013-07-31,series-c+,0
c:23971,c:223792,2013-08-01,series-c+,20000000
c:151719,c:229227,2013-12-03,series-b,1400000
c:244082,c:32277,2013-08-01,series-b,11000000
c:244082,c:3275,2013-08-01,series-b,11000000
c:244082,c:64791,2013-08-01,series-b,11000000
c:150189,c:362,2013-07-15,series-a,3205800
c:57272,c:242310,2013-08-02,series-b,8500000
c:153822,c:9223,2013-08-05,angel,500000
c:180029,c:34590,2013-08-05,series-b,10489997
c:156885,c:3275,2013-08-07,series-c+,35000000
c:156885,c:22518,2013-08-07,series-c+,35000000
c:70752,c:208052,2013-08-06,series-a,1600000
c:52743,c:15545,2013-08-07,series-a,8800000
c:235955,c:162608,2013-08-07,series-a,6500000
c:199214,c:188538,2013-08-08,venture,2200000
c:33169,c:19279,2013-08-08,series-a,2300000
c:246071,c:5663,2013-08-08,series-a,30607151
c:246071,c:32435,2013-08-08,series-a,30607151
c:158527,c:2520,2013-08-09,venture,750000
c:185589,c:28,2013-09-24,series-a,10000000
c:185589,c:9420,2013-09-24,series-a,10000000
c:17768,c:26555,2013-08-13,series-c+,15000000
c:247713,c:247764,2013-08-01,series-a,5600000
c:187182,c:164199,2013-08-15,series-b,5000000
c:139228,c:211807,2011-09-01,series-b,0
c:224647,c:233299,2013-05-16,angel,435000
c:256189,c:2520,2013-08-19,angel,1000000
c:41894,c:333,2009-01-01,angel,0
c:41894,c:333,2010-07-10,series-a,4500000
c:256349,c:59162,2013-08-19,series-a,5000000
c:55943,c:56346,2013-08-20,series-b,10000000
c:16312,c:256935,2013-08-22,series-c+,10000000
c:148792,c:229016,2013-08-20,series-c+,28000000
c:256491,c:5990,2013-08-20,series-b,17000000
c:256491,c:5990,2011-07-13,series-a,10000000
c:256491,c:256526,2011-07-13,series-a,10000000
c:57539,c:199759,2013-08-20,series-b,3800000
c:256946,c:63598,2013-08-21,series-a,72000000
c:257068,c:52426,2013-08-23,series-a,3650000
c:257068,c:260611,2013-08-23,series-a,3650000
c:257137,c:257136,2013-08-22,series-b,25000000
c:168151,c:3657,2013-08-22,angel,1000000
c:247812,c:4816,2008-05-26,series-b,7600000
c:247812,c:1354,2008-05-26,series-b,7600000
c:47828,c:838,2013-08-23,series-b,23000000
c:47828,c:13166,2013-08-23,series-b,23000000
c:24983,c:29586,2013-08-26,venture,0
c:24983,c:258750,2013-08-26,venture,0
c:258980,c:147909,2013-08-27,venture,8250000
c:259025,c:23389,2013-08-27,series-a,6200000
c:259025,c:259028,2013-08-27,series-a,6200000
c:259025,c:264320,2013-08-27,series-a,6200000
c:235032,c:2520,2013-08-27,series-a,2000000
c:235032,c:1972,2013-08-27,series-a,2000000
c:144382,c:28,2013-08-28,series-b,12100000
c:196261,c:2520,2013-08-29,angel,1000000
c:140660,c:259685,2013-08-29,series-b,5000000
c:140660,c:231005,2013-08-29,series-b,5000000
c:215583,c:260082,2013-08-29,angel,1100000
c:221407,c:1230,2012-03-01,private-equity,22000000
c:260050,c:260054,2013-09-03,series-a,3400000
c:260050,c:260055,2013-09-03,series-a,3400000
c:260475,c:164199,2013-09-16,series-a,2600000
c:50300,c:318,2013-09-02,series-c+,20000000
c:238621,c:260723,2013-09-02,angel,0
c:27806,c:42013,2013-09-02,series-a,1500000
c:260747,c:260746,2013-09-02,series-c+,0
c:70418,c:34590,2013-08-03,venture,10000000
c:42290,c:28,2013-09-03,series-b,10500000
c:70418,c:34590,2013-09-03,series-b,10000000
c:50667,c:17896,2013-09-05,series-a,4000000
c:258992,c:263314,2012-01-05,series-a,1600000
c:221054,c:154011,2013-09-05,series-a,2600000
c:262080,c:216206,2013-09-05,series-b,30000000
c:233740,c:137136,2013-10-03,series-a,1800000
c:175620,c:1972,2013-09-01,venture,2000000
c:41005,c:29,2013-09-09,series-b,14000000
c:263273,c:216840,2013-09-12,series-a,3000000
c:47038,c:196897,2013-09-10,series-c+,11500000
c:65827,c:75836,2013-09-11,series-b,38000000
c:79681,c:260556,2013-09-12,series-c+,26000000
c:232517,c:191520,2013-09-13,series-a,2600000
c:174679,c:231067,2013-09-16,series-a,8000000
c:72845,c:152568,2013-09-17,series-a,1500000
c:264931,c:139798,2013-09-16,series-a,2050000
c:150843,c:165990,2013-09-15,series-b,26000000
c:167777,c:2520,2013-09-17,series-a,3000000
c:167777,c:168371,2013-09-17,series-a,3000000
c:28567,c:265114,2013-09-17,private-equity,9400000
c:161930,c:1972,2013-09-17,series-a,37000000
c:245964,c:186644,2013-09-18,series-a,0
c:66945,c:76224,2013-09-18,series-a,2400000
c:264622,c:153343,2013-09-18,series-a,4800000
c:265637,c:231985,2013-09-18,series-a,5000000
c:1199,c:63992,2013-09-19,series-c+,25000000
c:71604,c:265935,2013-09-19,series-b,9500000
c:241905,c:145047,2013-09-19,angel,50000
c:241905,c:212583,2013-09-19,angel,50000
c:255381,c:212583,2013-09-19,angel,50000
c:255381,c:145047,2013-09-19,angel,50000
c:266088,c:145047,2013-09-19,angel,50000
c:266088,c:212583,2013-09-19,angel,50000
c:266089,c:145047,2013-09-19,angel,50000
c:266089,c:212583,2013-09-19,angel,50000
c:266090,c:145047,2013-09-19,angel,50000
c:266090,c:212583,2013-09-19,angel,50000
c:257287,c:212583,2013-09-19,angel,50000
c:257287,c:145047,2013-09-19,angel,50000
c:187175,c:145047,2013-09-19,angel,50000
c:187175,c:212583,2013-09-19,angel,50000
c:266057,c:54431,2011-11-01,angel,1000000
c:66714,c:229956,2013-09-22,venture,24000000
c:60668,c:193181,2013-12-06,angel,500000
c:155509,c:6470,2013-09-24,series-c+,19000000
c:155509,c:228134,2013-09-24,series-c+,19000000
c:172759,c:270228,2013-10-17,series-a,2000000
c:154252,c:5891,2013-09-25,venture,11000000
c:181433,c:63992,2013-09-25,series-a,20000000
c:267408,c:6470,2013-09-25,series-a,33000000
c:267408,c:228134,2013-09-25,series-a,33000000
c:267441,c:267446,2013-09-25,private-equity,315000000
c:109480,c:42960,2013-09-26,series-c+,40000000
c:15568,c:48524,2013-09-26,series-c+,15000000
c:260822,c:32865,2013-09-26,series-a,15000000
c:49690,c:190236,2013-09-27,other,7000000
c:189114,c:56630,2012-11-29,angel,100000
c:49994,c:238885,2013-10-10,series-b,19000000
c:171972,c:38219,2013-09-30,series-c+,20000000
c:266732,c:256383,2013-09-30,series-a,1500000
c:151530,c:2520,2012-01-01,angel,1400000
c:237661,c:268515,2013-09-30,angel,1000000
c:268901,c:268900,2013-10-02,venture,2700000
c:193783,c:168371,2013-10-02,angel,1000000
c:169975,c:208108,2013-10-02,series-b,1000000
c:178109,c:2520,2013-10-02,angel,750000
c:151812,c:200605,2013-10-02,other,60000000
c:44692,c:528,2013-10-03,series-c+,50000000
c:210839,c:164199,2013-10-03,series-a,2400000
c:210839,c:151444,2013-10-03,series-a,2400000
c:52073,c:56008,2013-10-04,series-b,7750000
c:8623,c:966,2013-10-04,series-c+,150000000
c:8623,c:7563,2013-10-04,series-c+,150000000
c:8623,c:1972,2013-10-04,series-c+,150000000
c:214623,c:3657,2013-10-04,angel,1400000
c:202042,c:45717,2013-10-07,series-a,3000000
c:202042,c:36336,2013-10-07,series-a,3000000
c:144748,c:270188,2013-09-01,series-a,1800000
c:270244,c:6379,2013-10-07,series-a,0
c:270377,c:20953,2013-10-08,series-a,1500000
c:24967,c:261437,2013-10-08,series-c+,20000000
c:270411,c:270412,2013-10-08,other,20000000
c:160007,c:168371,2013-10-08,series-a,4000000
c:270626,c:186644,2013-10-09,angel,589000
c:70647,c:8885,2013-10-09,private-equity,0
c:176787,c:28,2013-10-10,series-a,4500000
c:13365,c:5891,2013-10-10,series-c+,55000000
c:213330,c:202015,2013-10-10,venture,4000000
c:271083,c:10222,2013-11-03,venture,10500000
c:51350,c:25082,2008-10-23,series-a,2300000
c:162011,c:3362,2008-04-09,series-b,22000000
c:162011,c:16612,2008-04-09,series-b,22000000
c:162011,c:7320,2008-04-09,series-b,22000000
c:256613,c:34689,2009-10-26,venture,5600000
c:153895,c:201046,2013-09-17,series-a,2200000
c:38842,c:22932,2013-10-14,series-b,10000000
c:255153,c:168371,2013-10-15,venture,0
c:24923,c:271953,2013-10-15,series-c+,15000000
c:189002,c:241321,2013-10-22,series-a,1525000
c:191559,c:20953,2013-10-16,series-a,3100000
c:62188,c:232551,2013-10-17,venture,35000000
c:62188,c:243003,2013-10-17,venture,35000000
c:149908,c:14199,2013-10-18,series-c+,50000000
c:149908,c:83466,2013-10-18,series-c+,50000000
c:273212,c:273211,2013-10-21,angel,0
c:255031,c:204104,2013-10-21,series-a,4000000
c:139929,c:142679,2011-11-22,series-b,4200000
c:35647,c:323,2013-10-21,series-b,8000000
c:256268,c:105319,2013-10-21,angel,1000000
c:81291,c:204867,2013-10-22,series-b,15000000
c:77893,c:5208,2013-10-22,series-c+,3000000
c:81488,c:227575,2013-10-22,venture,8300000
c:70128,c:17803,2008-07-08,private-equity,21000000
c:24108,c:39797,2013-10-23,series-c+,25000000
c:200127,c:8750,2013-10-23,series-b,0
c:273930,c:273929,2013-10-23,venture,8000000
c:235692,c:168371,2013-11-04,series-a,2400000
c:157821,c:156868,2013-10-25,series-b,6000000
c:140824,c:186122,2012-09-30,venture,680000
c:232047,c:174247,2013-10-28,series-a,3000000
c:9049,c:204317,2012-11-01,series-c+,200000000
c:186482,c:1640,2013-10-28,series-a,12000000
c:73197,c:3275,2013-10-29,series-c+,13000000
c:275299,c:39537,2013-12-10,venture,1650000
c:154776,c:33642,2013-12-02,series-b,15000000
c:187735,c:142176,2013-10-30,series-a,3000000
c:275606,c:323,2013-10-30,series-b,5000000
c:236473,c:172383,2013-10-30,series-c+,12000000
c:268782,c:48006,2013-10-30,series-a,2000000
c:275821,c:270548,2013-10-30,angel,1000000
c:193317,c:171173,2013-10-31,venture,0
c:142801,c:276135,2013-10-31,series-b,40000000
c:276705,c:226162,2013-11-04,series-a,11500000
c:142553,c:22932,2013-11-05,series-b,8250000
c:189369,c:44882,2013-11-05,private-equity,50000000
c:177212,c:78060,2013-11-05,angel,500000
c:261214,c:148215,2013-11-06,series-a,1500000
c:22295,c:77195,2013-11-06,venture,25000000
c:17244,c:17218,2013-11-06,series-c+,11000000
c:193524,c:220752,2013-11-07,series-b,7500000
c:277762,c:277764,2013-11-07,venture,0
c:58516,c:277831,2013-11-08,venture,14000000
c:28746,c:1640,2013-11-12,series-c+,38000000
c:28746,c:269236,2013-11-12,series-c+,38000000
c:137099,c:1972,2013-11-12,venture,8000000
c:269567,c:333,2013-11-13,series-a,1600000
c:269567,c:17323,2013-11-13,series-a,1600000
c:269567,c:73822,2013-11-13,series-a,1600000
c:23900,c:1916,2013-11-13,series-c+,79000000
c:70239,c:139086,2013-11-13,series-a,2800000
c:231981,c:204317,2013-11-13,series-a,4500000
c:279246,c:838,2013-11-13,angel,800000
c:174135,c:65898,2013-11-13,series-b,5000000
c:273942,c:17218,2013-11-14,series-a,1750000
c:174288,c:279561,2013-11-14,series-b,10100000
c:279671,c:70509,2013-11-14,series-b,2650000
c:279671,c:204309,2013-11-14,series-b,2650000
c:54035,c:9884,2013-11-15,other,27000000
c:280284,c:280283,2013-11-18,angel,0
c:181333,c:280305,2013-11-14,angel,865000
c:195405,c:28,2013-11-18,venture,42000000
c:280611,c:17066,2013-11-19,venture,12000000
c:326,c:22518,2013-11-19,series-c+,34000000
c:3182,c:5990,2013-11-19,series-c+,40000000
c:190417,c:325,2013-11-20,series-a,7200000
c:81142,c:10770,2013-11-19,venture,1000000
c:161281,c:188248,2013-11-19,series-a,2600000
c:188673,c:20953,2013-08-01,series-a,4200000
c:14844,c:34590,2013-11-20,series-c+,16000000
c:232593,c:224265,2013-11-07,series-a,2025000
c:224653,c:164199,2013-11-20,series-a,3000000
c:144623,c:281136,2013-11-21,series-b,1700000
c:281435,c:5663,2013-11-22,series-a,10000000
c:281501,c:230980,2013-11-22,series-a,2000000
c:281501,c:281503,2013-11-22,series-a,2000000
c:11684,c:221113,2011-09-12,venture,13000000
c:38504,c:37086,2012-03-17,private-equity,13500000
c:38504,c:259741,2012-03-17,private-equity,13500000
c:165124,c:63278,2013-11-25,series-a,4000000
c:282487,c:6470,2013-11-27,series-a,10000000
c:54057,c:222640,2013-12-02,series-a,8100000
c:229659,c:73822,2013-12-02,venture,10700000
c:182735,c:838,2013-12-02,series-a,2300000
c:283849,c:164199,2013-12-03,angel,1400000
c:172597,c:44882,2013-12-03,venture,112000000
c:283926,c:18028,2013-12-03,series-c+,30000000
c:284140,c:222640,2013-12-04,other,9000000
c:183,c:26555,2013-12-05,series-c+,100000000
c:183,c:167314,2013-12-05,series-c+,100000000
c:183,c:12111,2013-12-05,series-c+,100000000
c:183,c:239221,2013-12-05,series-c+,100000000
c:171161,c:238885,2013-12-09,series-a,4000000
c:285139,c:173863,2013-12-09,series-a,11000000
c:47368,c:171756,2013-12-09,series-c+,50000000
c:177235,c:27295,2013-12-09,series-c+,250000000
c:149354,c:199907,2013-12-09,series-b,20000000
c:258980,c:147909,2013-12-10,series-a,7300000
c:110668,c:280970,2013-12-10,series-b,8500000
c:238226,c:20953,2013-12-10,series-a,3100000
c:199996,c:45451,2013-12-10,series-c+,40000000
c:81010,c:191636,2013-12-11,series-b,10000000
c:5084,c:234836,2013-12-11,venture,40000000
c:3891,c:202372,2013-12-11,series-c+,29500000
c:3891,c:74770,2013-12-11,series-c+,29500000
c:25210,c:23339,2013-12-11,series-c+,26000000
c:25210,c:37093,2013-12-11,series-c+,26000000
c:25210,c:31588,2013-12-11,series-c+,26000000
c:286125,c:231057,2013-12-12,series-a,4350000
c:286178,c:286177,2013-12-12,series-b,17000000
c:5,c:1242,2007-10-24,series-c+,240000000
c:3238,c:2520,2007-01-01,angel,0
c:3242,c:2520,2007-01-01,angel,0
c:3651,c:591,2007-09-01,angel,100000
c:5443,c:2644,2007-06-21,series-a,3500000
c:5604,c:507,2008-05-20,venture,0
c:8615,c:1972,2008-03-13,series-a,1100000
c:5611,c:2335,2008-01-01,series-b,6000000
c:15146,c:71,2007-02-01,venture,7000000
c:477,c:28,2009-01-26,series-c+,0
c:17773,c:1915,2007-04-27,venture,0
c:17878,c:1915,2007-05-21,venture,0
c:17957,c:28,2008-07-28,series-c+,16000000
c:2735,c:29872,2009-01-08,series-b,2100000
c:20070,c:20069,2009-03-12,series-c+,100000000
c:19447,c:2520,2009-01-01,angel,0
c:330,c:823,2009-03-25,series-c+,70000000
c:720,c:342,2009-04-30,series-b,0
c:1062,c:59,2009-06-18,series-b,12600000
c:25149,c:25150,2007-02-05,venture,50000000
c:6460,c:1972,2009-08-05,venture,0
c:53,c:3320,2009-08-05,series-c+,40000000
c:29051,c:362,2009-08-06,angel,12000
c:29670,c:6809,2009-08-13,venture,7500000
c:27556,c:82304,2009-08-20,series-b,14000000
c:21025,c:28,2008-12-04,series-c+,9800000
c:31278,c:31279,2008-08-06,venture,90000000
c:31514,c:362,2009-09-10,angel,18000
c:32293,c:32295,2007-12-12,venture,2500000
c:32293,c:32296,2007-12-12,venture,2500000
c:32874,c:591,2009-09-25,angel,50000
c:34522,c:47978,2008-05-01,angel,25000
c:35971,c:40259,2009-11-17,series-a,5300000
c:36738,c:36740,2009-12-01,other,800000
c:37501,c:6900,2010-03-18,angel,0
c:37648,c:6900,2009-01-01,angel,0
c:38289,c:11321,2008-03-28,series-b,3360000
c:38289,c:233529,2008-03-28,series-b,3360000
c:39079,c:39082,2010-01-04,venture,124000000
c:39343,c:33654,2010-01-07,venture,15000000
c:1870,c:7650,2009-10-12,venture,0
c:26250,c:39772,2010-01-22,venture,8166667
c:39799,c:39800,2009-11-13,venture,75000000
c:40467,c:42013,2010-02-12,venture,8000000
c:26250,c:40468,2010-01-21,other,3000000
c:12352,c:40470,2010-01-21,other,60000000
c:39758,c:40474,2010-01-25,other,4800000
c:40638,c:40637,2005-12-14,venture,2000000
c:4843,c:38529,2010-01-26,other,150000000
c:169876,c:7956,2010-01-28,angel,625000
c:3449,c:45105,2007-11-07,series-a,4000000
c:36059,c:3827,2006-01-18,venture,10000000
c:49520,c:20953,2010-03-01,angel,0
c:49838,c:362,2010-03-01,angel,12000
c:23976,c:44992,2010-06-16,venture,50000000
c:38666,c:51509,2007-11-09,venture,100000
c:40643,c:15774,2010-06-09,venture,2120000
c:53486,c:53485,2010-07-02,angel,0
c:42512,c:362,2010-08-01,venture,18000
c:46410,c:3161,2010-04-23,angel,0
c:58250,c:169888,2012-10-08,angel,540000
c:59701,c:362,2010-11-01,angel,18000
c:36579,c:59832,2010-10-22,venture,30000000
c:59848,c:59847,2010-10-24,series-c+,23500000
c:55661,c:2520,2010-06-01,angel,17000
c:50214,c:28373,2010-10-28,venture,10000000
c:1680,c:5580,2010-11-04,venture,30000000
c:29914,c:28,2010-11-04,series-c+,3500000
c:17957,c:35739,2010-11-15,venture,12000000
c:59390,c:47461,2010-11-17,venture,0
c:15026,c:48006,2010-09-01,angel,0
c:65917,c:65920,2011-01-03,venture,4000000
c:21025,c:17218,2011-01-18,venture,5000000
c:35727,c:66343,2011-01-06,venture,5500000
c:40456,c:8750,2011-02-06,series-b,35000000
c:40456,c:30094,2011-02-06,series-b,35000000
c:21318,c:68231,2011-02-08,series-c+,7500000
c:68892,c:34590,2011-02-16,series-b,5000000
c:5644,c:64703,2011-03-03,venture,0
c:33607,c:46859,2011-03-04,venture,10000000
c:71414,c:71413,2011-03-18,angel,500000
c:71676,c:64747,2011-04-05,other,4000000
c:71845,c:56889,2011-03-24,angel,1200000
c:71845,c:86250,2011-03-24,angel,1200000
c:8036,c:20406,2011-04-08,venture,0
c:6314,c:59,2011-04-11,private-equity,168000000
c:61074,c:362,2011-01-01,angel,18000
c:73509,c:362,2011-01-01,angel,18000
c:72188,c:362,2011-01-01,angel,18000
c:68168,c:362,2011-01-01,angel,18000
c:68153,c:362,2011-01-01,angel,0
c:73876,c:73877,2011-04-14,venture,20000000
c:20070,c:20069,2011-04-19,venture,50000000
c:76937,c:33654,2011-05-20,series-b,3600000
c:1325,c:67716,2011-05-18,series-c+,7013076
c:57149,c:362,2011-03-01,angel,18000
c:77893,c:5208,2011-05-30,series-b,2500000
c:77968,c:43679,2011-06-06,series-a,1000000
c:55075,c:148835,2011-06-09,angel,250000
c:79497,c:46444,2011-06-17,series-a,3470147
c:36004,c:4018,2011-06-24,venture,306000000
c:80820,c:17218,2011-06-30,venture,0
c:81167,c:74039,2011-05-01,angel,20000
c:72943,c:51619,2011-07-07,angel,500000
c:118,c:18871,2011-07-20,venture,5000000
c:21025,c:17218,2011-07-21,venture,5000000
c:83428,c:2520,2011-08-14,angel,250000
c:51794,c:22057,2009-08-01,series-a,3000000
c:45742,c:83873,2011-08-17,angel,0
c:17284,c:30553,2011-08-11,venture,20000000
c:85383,c:85384,2011-08-17,venture,10500000
c:66231,c:362,2011-07-01,angel,18000
c:82668,c:362,2011-08-01,angel,18000
c:69630,c:362,2011-07-07,angel,18000
c:35164,c:104398,2011-09-13,venture,0
c:702,c:64703,2011-09-13,venture,0
c:72669,c:56681,2011-08-18,angel,0
c:73330,c:133242,2011-10-05,series-c+,4000000
c:61294,c:76224,2011-08-01,angel,350000
c:83851,c:138934,2011-10-18,venture,0
c:82519,c:362,2011-11-01,angel,18000
c:142345,c:362,2012-01-01,angel,118000
c:84020,c:25424,2012-07-26,series-c+,10000000
c:185648,c:77944,2011-12-09,angel,500000
c:15832,c:966,2011-12-13,other,24000000
c:75935,c:46859,2011-12-16,other,3280000
c:65160,c:144878,2011-12-19,venture,6000000
c:64189,c:52207,2012-01-03,other,15000000
c:40638,c:1230,2012-01-18,series-a,0
c:53105,c:362,2012-01-24,angel,118000
c:148305,c:25526,2011-10-01,angel,50000
c:21729,c:28373,2012-02-07,venture,3000000
c:72669,c:36835,2011-11-23,angel,0
c:34094,c:37093,2012-02-09,venture,15000000
c:22638,c:149343,2012-02-13,venture,25000000
c:150179,c:150178,2011-11-01,series-b,10000000
c:150213,c:34590,2012-02-22,series-a,2500000
c:148181,c:144574,2012-01-17,angel,0
c:48235,c:50937,2012-02-29,venture,0
c:15832,c:19232,2012-03-02,other,30000000
c:58718,c:362,2011-08-01,angel,18000
c:45742,c:83873,2012-03-06,series-b,0
c:152829,c:362,2012-03-14,angel,18000
c:153584,c:362,2012-01-01,angel,118000
c:152092,c:24087,2012-04-17,venture,0
c:143682,c:142176,2013-01-05,angel,75000
c:72358,c:156202,2012-04-23,venture,5000000
c:42912,c:156635,2012-04-26,venture,15500000
c:156638,c:77620,2012-04-26,other,350000
c:156976,c:229956,2012-01-01,other,0
c:157021,c:62366,2012-05-01,other,1680000
c:234,c:27940,2012-05-01,venture,0
c:152746,c:362,2012-03-15,angel,0
c:58608,c:44251,2010-06-01,angel,15000
c:33858,c:44251,2010-06-01,angel,15000
c:70667,c:44251,2010-06-01,angel,15000
c:158836,c:362,2012-05-17,angel,118000
c:139431,c:64710,2012-05-24,other,500000
c:64268,c:1230,2012-05-29,venture,31000000
c:65030,c:54431,2010-10-02,angel,0
c:160051,c:144878,2012-05-30,venture,11700000
c:160674,c:160676,2012-06-06,series-b,2700000
c:160902,c:55069,2011-11-11,angel,100000
c:153723,c:74039,2012-06-14,series-a,2000000
c:150607,c:362,2012-01-01,angel,18000
c:68350,c:362,2011-08-01,angel,18000
c:146270,c:362,2011-01-01,angel,18000
c:78868,c:362,2011-07-01,angel,18000
c:3210,c:76224,2012-06-13,series-a,1000000
c:110943,c:362,2012-05-17,angel,18000
c:162671,c:709,2012-06-26,venture,500000
c:20889,c:362,2009-09-10,angel,0
c:162927,c:162929,2012-06-27,series-a,14000000
c:163271,c:163273,2012-07-02,venture,3000000
c:53516,c:362,2010-08-01,angel,0
c:58431,c:362,2010-11-01,angel,0
c:70555,c:362,2011-01-01,angel,0
c:163870,c:362,2012-05-01,angel,118000
c:163905,c:57777,2012-07-06,angel,100000
c:14504,c:164230,2012-07-10,series-c+,10600000
c:71845,c:13166,2012-07-11,venture,2500000
c:165184,c:156868,2012-07-18,venture,17000000
c:11302,c:165408,2012-07-19,venture,27500000
c:77626,c:362,2012-01-01,angel,18000
c:167050,c:18520,2011-11-01,angel,50000
c:59120,c:362,2012-01-24,angel,118000
c:146264,c:362,2012-01-24,angel,118000
c:166763,c:362,2012-05-17,angel,118000
c:87296,c:168670,2011-09-16,other,25000
c:87296,c:73950,2011-09-08,other,20000
c:168733,c:74039,2011-05-01,angel,0
c:141688,c:34197,2012-08-23,other,800000
c:151651,c:323,2012-08-31,venture,100000
c:23080,c:51396,2012-09-05,series-c+,3000000
c:151765,c:362,2012-01-01,angel,18000
c:85944,c:17218,2012-08-01,angel,0
c:75516,c:171308,2012-09-12,series-a,60000000
c:17666,c:2520,2012-09-17,angel,880000
c:35496,c:838,2012-09-17,series-b,0
c:81127,c:231067,2012-09-21,other,575000
c:169553,c:231067,2012-09-24,venture,0
c:172675,c:46859,2012-09-25,venture,6000000
c:15738,c:1242,2012-09-28,venture,0
c:65610,c:43029,2012-10-08,series-b,4900000
c:63422,c:152568,2012-06-07,angel,20000
c:151467,c:152568,2012-06-07,angel,20000
c:151467,c:2520,2012-06-07,angel,20000
c:174215,c:1916,2012-10-11,venture,7500000
c:44067,c:53654,2012-10-15,series-c+,3000000
c:168316,c:175369,2012-03-01,angel,100000
c:175937,c:362,2012-08-01,angel,18000
c:157385,c:2520,2012-11-03,angel,100000
c:176123,c:177172,2012-10-02,angel,10000
c:177235,c:44882,2012-11-11,series-a,40000000
c:177341,c:177340,2012-06-13,angel,0
c:166059,c:70343,2012-01-09,angel,25000
c:154249,c:70343,2011-06-06,angel,25000
c:151813,c:70343,2011-06-06,angel,25000
c:152111,c:70343,2011-06-06,angel,25000
c:130554,c:70343,2011-06-06,angel,25000
c:173970,c:70343,2011-06-06,angel,25000
c:71848,c:70343,2012-01-09,angel,25000
c:177313,c:70343,2012-06-04,angel,25000
c:23794,c:61205,2012-11-19,venture,1500000
c:148334,c:70419,2011-12-22,angel,250000
c:148334,c:178241,2011-12-22,angel,250000
c:138016,c:70343,2012-06-04,angel,25000
c:156506,c:2520,2012-11-27,angel,530000
c:142801,c:179200,2012-11-30,series-a,12000000
c:179230,c:171298,2012-11-29,venture,0
c:159709,c:141719,2012-03-06,angel,11500
c:31123,c:18871,2012-12-19,series-b,9000000
c:182268,c:149987,2012-06-01,angel,50000
c:82754,c:362,2012-08-01,angel,0
c:37512,c:362,2010-03-01,angel,0
c:182876,c:182878,2013-01-03,venture,100000
c:9756,c:362,2011-03-01,angel,0
c:78271,c:362,2011-03-01,angel,18000
c:183095,c:3657,2012-05-16,venture,62900000
c:162532,c:144574,2013-05-30,angel,200000
c:184443,c:142176,2012-01-01,angel,50000
c:78046,c:44882,2011-01-01,series-a,50000000
c:110795,c:156635,2013-01-23,private-equity,30000000
c:15829,c:7320,2013-01-28,venture,40000000
c:185648,c:22005,2013-01-29,angel,500000
c:186317,c:13529,2013-02-05,angel,1000000
c:186317,c:231067,2013-02-05,angel,1000000
c:186317,c:188383,2013-02-05,angel,1000000
c:186317,c:188384,2013-02-05,angel,1000000
c:181145,c:2520,2012-09-12,angel,600000
c:181145,c:168371,2012-09-12,angel,600000
c:151768,c:149987,2013-05-14,other,50000
c:70258,c:2520,2013-02-20,angel,650000
c:187935,c:2520,2012-02-20,angel,100000
c:74614,c:184220,2013-02-21,series-c+,2000000
c:173633,c:190236,2013-10-24,other,7145000
c:151334,c:70343,2012-01-11,angel,25000
c:190954,c:66850,2012-12-20,angel,50000
c:186234,c:362,2013-02-26,angel,118000
c:80934,c:966,2009-11-03,angel,0
c:80934,c:5990,2009-11-03,angel,0
c:80934,c:71,2009-11-03,angel,0
c:80934,c:28,2009-11-03,angel,0
c:145938,c:66714,2013-03-18,angel,200000
c:162855,c:26519,2013-03-20,series-a,19500000
c:108052,c:2720,2013-03-27,series-a,1500000
c:191436,c:149065,2013-03-28,series-a,2100000
c:80559,c:362,2013-01-14,angel,118000
c:193529,c:193528,2013-03-26,other,50000
c:178098,c:142176,2013-04-03,angel,75000
c:82728,c:194168,2013-02-01,series-a,1200000
c:169138,c:68562,2012-06-01,angel,0
c:102497,c:52207,2013-04-03,venture,35000000
c:195450,c:57857,2013-04-08,series-a,5000000
c:75778,c:20,2013-04-10,venture,3500000
c:75778,c:177233,2013-04-10,venture,3500000
c:49546,c:5580,2013-04-17,other,13000000
c:60167,c:189551,2013-04-18,angel,600000
c:200406,c:223792,2013-04-22,venture,0
c:68646,c:28357,2013-04-24,private-equity,21000000
c:201170,c:201173,2013-04-23,series-b,2400000
c:201649,c:1916,2013-04-24,venture,105000000
c:202790,c:362,2013-01-01,angel,118000
c:38855,c:2680,2013-05-01,series-c+,62500000
c:38855,c:15786,2013-05-01,series-c+,62500000
c:173344,c:20953,2011-08-25,series-a,1800000
c:207187,c:528,2013-04-29,private-equity,586000000
c:200872,c:208270,2012-10-31,angel,25000
c:200872,c:362,2013-01-14,angel,118000
c:25026,c:49411,2013-05-09,series-c+,60000000
c:182268,c:149987,2013-04-05,angel,100000
c:210353,c:85425,2012-02-01,angel,0
c:148569,c:210531,2013-05-14,series-b,6000000
c:47062,c:77190,2013-05-14,venture,0
c:31293,c:211044,2013-05-14,private-equity,70000000
c:208371,c:170168,2012-04-01,angel,75000
c:65160,c:144878,2013-05-17,private-equity,6700000
c:83397,c:362,2011-08-01,angel,0
c:56899,c:362,2011-08-01,angel,0
c:82681,c:362,2011-08-01,angel,0
c:83111,c:362,2011-08-01,angel,0
c:82685,c:362,2011-08-01,angel,0
c:82951,c:362,2011-08-01,angel,0
c:64284,c:362,2011-08-01,angel,0
c:212776,c:212781,2013-05-17,series-a,12000000
c:82947,c:362,2011-08-01,angel,0
c:139213,c:362,2011-11-01,angel,0
c:140734,c:362,2011-11-01,angel,0
c:139490,c:362,2011-11-01,angel,0
c:213124,c:2520,2013-05-01,angel,0
c:139289,c:362,2011-11-01,angel,0
c:140522,c:362,2011-11-01,angel,0
c:139334,c:362,2011-11-01,angel,0
c:135515,c:362,2011-11-01,angel,0
c:213336,c:213335,2013-05-20,angel,0
c:213357,c:22932,2013-05-20,series-b,15000000
c:172666,c:164692,2013-05-21,venture,9000000
c:172666,c:144878,2013-05-21,venture,9000000
c:172666,c:41,2013-05-21,venture,9000000
c:172666,c:7956,2013-05-21,venture,9000000
c:172666,c:25068,2013-05-21,venture,9000000
c:196261,c:2520,2012-01-01,angel,0
c:214350,c:2520,2012-08-01,angel,0
c:214402,c:224265,2013-07-31,angel,50000
c:214402,c:188780,2013-07-31,angel,50000
c:167055,c:362,2013-02-25,angel,118000
c:168193,c:177888,2012-01-01,venture,3200000
c:67872,c:362,2011-07-01,angel,0
c:101312,c:362,2011-07-01,angel,0
c:184422,c:48006,2013-05-01,angel,0
c:213107,c:48006,2013-05-01,angel,0
c:206870,c:48006,2013-05-01,angel,0
c:212841,c:48006,2013-05-01,angel,0
c:160674,c:160676,2013-04-01,series-c+,5625000
c:66811,c:362,2012-01-01,angel,0
c:72922,c:362,2012-01-01,angel,0
c:154586,c:362,2012-01-01,angel,0
c:145938,c:362,2012-01-01,angel,0
c:147847,c:362,2012-01-24,angel,0
c:150415,c:362,2012-01-24,angel,0
c:79491,c:362,2012-01-24,angel,0
c:145464,c:362,2012-01-24,angel,0
c:158354,c:362,2012-01-24,angel,0
c:158252,c:362,2012-01-24,angel,0
c:158258,c:362,2012-01-24,angel,0
c:153705,c:362,2012-05-13,angel,754466
c:152817,c:362,2012-03-01,angel,0
c:75180,c:362,2012-03-01,angel,0
c:161222,c:362,2012-03-01,angel,0
c:148334,c:362,2012-03-01,angel,0
c:157594,c:362,2012-03-01,angel,626984
c:152500,c:362,2012-03-01,angel,0
c:129008,c:362,2012-03-01,angel,0
c:152422,c:362,2012-05-17,angel,0
c:80675,c:362,2012-05-17,angel,118000
c:150189,c:362,2012-05-17,angel,0
c:166030,c:362,2012-05-17,angel,0
c:137749,c:362,2012-05-17,angel,0
c:145535,c:362,2012-05-17,angel,0
c:160866,c:362,2012-05-17,angel,0
c:156251,c:362,2012-08-01,angel,0
c:157894,c:362,2012-08-01,angel,0
c:176234,c:362,2012-08-01,angel,0
c:167336,c:362,2012-08-01,angel,100000
c:175948,c:362,2012-08-01,angel,0
c:69482,c:362,2012-08-01,angel,0
c:175988,c:362,2012-08-01,angel,0
c:73364,c:362,2012-08-01,angel,100000
c:178256,c:362,2012-08-01,angel,0
c:146523,c:44882,2013-05-22,series-a,2500000
c:196663,c:362,2012-08-23,angel,0
c:195752,c:362,2012-08-23,angel,0
c:74231,c:168371,2012-12-01,angel,98400
c:74231,c:2520,2012-12-01,angel,98400
c:77042,c:362,2012-08-23,angel,0
c:83535,c:362,2012-08-23,angel,0
c:176660,c:362,2012-08-23,venture,1208000
c:146428,c:362,2012-08-23,angel,0
c:214981,c:362,2012-08-23,angel,118000
c:178216,c:362,2012-08-23,angel,0
c:194247,c:362,2013-01-14,angel,0
c:202800,c:362,2013-01-14,angel,118000
c:202793,c:362,2013-01-14,angel,0
c:199649,c:362,2013-05-14,angel,0
c:199649,c:152568,2013-05-14,angel,0
c:217892,c:156652,2013-05-28,angel,225000
c:204784,c:362,2013-01-14,angel,0
c:203208,c:362,2013-01-14,angel,0
c:157661,c:362,2013-02-25,angel,0
c:218296,c:362,2013-02-25,angel,0
c:185046,c:362,2013-02-25,angel,118000
c:218316,c:362,2013-02-25,angel,0
c:160972,c:362,2013-02-25,angel,0
c:211235,c:362,2013-02-25,angel,0
c:138592,c:362,2013-02-25,angel,0
c:218320,c:362,2013-03-14,other,100000
c:162514,c:362,2013-02-25,angel,0
c:181645,c:362,2013-02-25,angel,0
c:175480,c:362,2013-12-06,angel,800000
c:218393,c:247716,2013-08-14,venture,0
c:15967,c:55812,2013-05-29,other,12500000
c:197104,c:362,2013-04-02,angel,0
c:179055,c:362,2013-04-02,angel,118000
c:202215,c:362,2013-04-02,angel,118000
c:56302,c:362,2013-04-02,angel,0
c:173723,c:362,2013-04-02,angel,0
c:181562,c:362,2013-05-13,angel,0
c:218872,c:362,2013-05-13,angel,0
c:218873,c:362,2013-05-13,angel,118000
c:218901,c:362,2013-05-13,angel,11800
c:199624,c:362,2013-05-13,angel,0
c:70564,c:362,2013-05-13,angel,0
c:188537,c:362,2013-05-13,angel,118000
c:150034,c:362,2013-05-13,angel,0
c:218921,c:362,2013-05-13,angel,0
c:209599,c:362,2013-05-13,angel,0
c:139529,c:220290,2013-05-31,venture,1000000
c:101317,c:164199,2013-05-31,angel,1250000
c:46320,c:190236,2013-06-04,other,10000000
c:174162,c:7460,2013-06-05,series-a,1500000
c:190857,c:262334,2013-09-06,series-a,3200000
c:190857,c:266881,2013-09-06,series-a,3200000
c:148366,c:222422,2013-05-01,series-a,6000000
c:222471,c:70343,2013-06-03,angel,40000
c:222473,c:70343,2013-06-03,angel,40000
c:222520,c:26124,2013-08-08,angel,600000
c:222583,c:323,2013-06-06,series-c+,0
c:222686,c:8885,2011-04-11,venture,0
c:223582,c:74039,2013-06-06,angel,100000
c:225167,c:169497,2013-06-13,venture,5000000
c:225682,c:147450,2013-06-13,angel,1000000
c:225964,c:44882,2012-10-01,series-a,5000000
c:226777,c:30200,2013-06-14,private-equity,0
c:202793,c:209463,2013-09-16,series-a,3300000
c:185845,c:218462,2013-06-17,series-b,35000000
c:153625,c:233299,2013-06-12,angel,205000
c:69849,c:231067,2013-06-18,other,4000000
c:174729,c:231067,2013-06-18,other,175000
c:190938,c:142176,2013-06-20,series-a,3300000
c:6779,c:4259,2013-06-20,venture,0
c:230624,c:230623,2013-06-24,angel,0
c:230642,c:323,2013-06-24,venture,60000000
c:230768,c:148835,2013-03-15,angel,20000
c:230642,c:323,2012-01-01,venture,60000000
c:230777,c:148835,2013-03-15,angel,20000
c:230842,c:218575,2012-12-20,angel,30000
c:231001,c:148835,2013-03-15,angel,20000
c:231047,c:148835,2012-10-01,venture,0
c:231065,c:148835,2012-10-01,venture,0
c:231065,c:24097,2012-10-01,venture,0
c:231069,c:148835,2012-10-01,venture,0
c:231082,c:148835,2012-10-31,venture,0
c:231117,c:148835,2012-10-31,venture,0
c:168035,c:148835,2012-06-13,venture,0
c:103204,c:148835,2012-06-13,venture,0
c:231131,c:148835,2012-03-29,angel,0
c:231253,c:216332,2013-06-25,angel,250000
c:231305,c:148835,2012-03-29,venture,0
c:85362,c:231361,2013-06-25,other,100000
c:5604,c:55812,2013-06-25,other,12500000
c:231626,c:185604,2013-06-25,angel,1000000
c:32287,c:41569,2013-06-26,private-equity,10000000
c:178553,c:67933,2013-06-27,venture,0
c:150151,c:232476,2012-02-01,angel,65000
c:232759,c:232760,2013-06-27,venture,45000000
c:233130,c:1916,2013-06-28,private-equity,43000000
c:46754,c:153343,2013-01-02,venture,8652781
c:203033,c:17864,2013-07-01,series-a,5000000
c:233684,c:185140,2013-07-01,angel,250000
c:233786,c:147887,2013-05-26,angel,15000
c:218384,c:233860,2013-06-30,series-b,12000000
c:218384,c:222640,2013-06-30,series-b,12000000
c:43594,c:37093,2013-07-01,series-c+,33600000
c:85434,c:362,2013-05-28,angel,118000
c:215082,c:362,2013-05-28,angel,118000
c:141113,c:362,2013-05-28,angel,0
c:234565,c:362,2013-05-28,angel,0
c:234626,c:227913,2013-06-06,angel,1000000
c:234822,c:362,2013-05-28,angel,0
c:234850,c:362,2013-05-28,angel,0
c:234863,c:362,2013-05-28,angel,0
c:234127,c:362,2013-07-02,angel,0
c:222539,c:362,2013-07-02,angel,0
c:209962,c:362,2013-07-02,angel,0
c:234130,c:362,2013-07-02,angel,0
c:234132,c:362,2013-07-02,angel,0
c:171256,c:362,2013-07-02,angel,0
c:171256,c:142176,2012-10-01,angel,65000
c:179230,c:362,2013-07-02,angel,0
c:234138,c:362,2013-07-02,angel,0
c:234140,c:362,2013-07-02,angel,0
c:178902,c:362,2013-07-02,angel,0
c:17990,c:3167,2005-11-01,series-b,50000000
c:26023,c:17425,2013-07-07,venture,40000000
c:186483,c:148835,2013-07-04,angel,20000
c:235513,c:148835,2013-07-04,angel,20000
c:150179,c:1640,2013-07-08,series-c+,53000000
c:235925,c:235924,2013-07-09,venture,0
c:236107,c:227043,2013-07-09,other,2400000
c:236379,c:74039,2013-09-18,angel,1000000
c:168136,c:2520,2012-10-29,series-a,1620985
c:169642,c:138502,2013-07-12,angel,20000
c:237070,c:152568,2012-06-07,angel,0
c:165090,c:152568,2013-05-01,angel,0
c:151861,c:152568,2013-06-01,angel,20000
c:237108,c:152568,2013-06-01,angel,0
c:75245,c:152568,2013-05-01,angel,0
c:237109,c:152568,2013-06-01,angel,0
c:237121,c:152568,2013-06-01,angel,0
c:237072,c:152568,2013-05-01,angel,0
c:172604,c:233299,2012-09-24,angel,50000
c:28219,c:7176,2013-07-15,series-a,600000
c:237713,c:74832,2013-07-15,other,3600000
c:57810,c:238885,2013-07-18,series-c+,15000000
c:178811,c:66850,2012-02-06,angel,14000
c:44061,c:12623,2013-07-16,series-b,15000000
c:238371,c:238642,2013-07-16,series-a,2000000
c:238329,c:220853,2013-07-17,other,10000000
c:182291,c:85806,2013-08-27,angel,191500
c:238515,c:238514,2013-07-17,other,500000
c:189239,c:168371,2013-07-17,angel,1000000
c:189239,c:2520,2013-07-17,angel,1000000
c:238684,c:23852,2013-04-15,crowdfunding,56500
c:13117,c:26519,2013-07-18,series-c+,20000000
c:238825,c:74292,2013-07-18,angel,1000000
c:189321,c:166577,2012-12-15,angel,25000
c:240103,c:71681,2013-07-22,series-a,2500000
c:240100,c:71681,2013-07-22,series-a,2000000
c:240349,c:268822,2013-07-12,series-b,30000000
c:240349,c:36004,2012-01-01,angel,0
c:152591,c:2520,2012-10-04,series-a,2000000
c:154430,c:240624,2012-11-01,other,55000
c:104224,c:241524,2013-07-23,series-b,8700000
c:149599,c:240735,2013-02-01,angel,423000
c:150245,c:159550,2012-01-05,angel,0
c:225964,c:44882,2013-07-24,series-b,10000000
c:225964,c:241007,2013-07-24,series-b,10000000
c:34460,c:241188,2013-07-24,series-a,5000000
c:241193,c:241202,2013-07-25,venture,0
c:67092,c:1230,2013-07-25,series-c+,40000000
c:224804,c:241321,2013-07-25,series-a,1600000
c:224804,c:187329,2013-07-25,series-a,1600000
c:169164,c:3657,2013-07-25,angel,1200000
c:169164,c:2520,2013-07-25,angel,1200000
c:238254,c:362,2010-03-03,angel,10000
c:233511,c:241841,2013-04-30,angel,0
c:34094,c:37093,2013-07-29,venture,100000000
c:242715,c:35450,2013-07-29,angel,0
c:242839,c:242908,2013-07-30,series-a,0
c:242839,c:242909,2013-07-30,series-a,0
c:164971,c:238642,2013-07-31,private-equity,3000000
c:148183,c:211044,2013-07-31,series-b,0
c:204034,c:362,2013-02-25,angel,0
c:207934,c:149065,2013-08-01,angel,650000
c:15009,c:190236,2013-08-02,other,6000000
c:34741,c:199339,2013-08-05,other,5500000
c:245191,c:1916,2013-08-05,venture,0
c:69575,c:68364,2013-08-06,series-a,2600000
c:214658,c:245402,2013-08-06,angel,0
c:245572,c:101909,2013-08-06,series-a,635000
c:218879,c:362,2013-05-06,angel,218000
c:66148,c:158255,2013-08-07,venture,20000000
c:16560,c:245900,2013-08-07,other,500000
c:75799,c:317,2013-08-09,venture,2250000
c:75799,c:7956,2013-08-09,venture,2250000
c:75799,c:231067,2013-08-09,venture,2250000
c:240146,c:362,2013-08-10,angel,118000
c:240160,c:362,2013-08-05,angel,118000
c:230781,c:148835,2013-01-01,angel,20000
c:138502,c:9419,2013-08-13,series-c+,75000000
c:240155,c:362,2013-08-05,angel,0
c:240145,c:362,2013-08-05,angel,0
c:247229,c:362,2013-08-05,angel,118000
c:240153,c:362,2013-08-05,angel,0
c:233209,c:362,2013-08-05,angel,0
c:189283,c:362,2013-08-05,angel,1200000
c:197200,c:218689,2013-08-15,other,16000000
c:53343,c:1640,2013-08-15,venture,0
c:20916,c:12111,2013-08-16,private-equity,10400000
c:20916,c:255380,2013-08-16,private-equity,10400000
c:255990,c:256614,2013-08-20,series-b,5600000
c:166493,c:158205,2013-08-16,angel,0
c:21394,c:23079,2012-06-06,venture,7446855
c:191561,c:709,2013-08-21,series-a,2590000
c:84161,c:528,2013-08-19,venture,75000000
c:205470,c:11,2013-08-19,venture,70000000
c:70843,c:256383,2013-08-18,angel,500000
c:80384,c:219663,2013-08-20,series-b,5000000
c:235141,c:174617,2013-05-20,angel,25000
c:193082,c:174617,2013-05-20,angel,0
c:222090,c:256747,2013-08-21,angel,0
c:256937,c:190803,2013-08-21,angel,100000
c:256932,c:257155,2013-08-22,series-c+,10000000
c:238922,c:75979,2011-05-11,angel,1200000
c:238922,c:75979,2013-08-26,angel,1100000
c:29383,c:5580,2013-08-26,series-c+,0
c:224075,c:13779,2013-08-27,series-b,1000000
c:83003,c:2520,2012-03-30,angel,105651
c:230578,c:259137,2013-08-28,series-a,5000000
c:108052,c:70343,2011-06-06,angel,25000
c:64277,c:259429,2013-08-29,series-b,20000000
c:25740,c:13450,2013-08-28,venture,25000000
c:182846,c:141719,2013-08-29,angel,11700
c:241697,c:23852,2013-08-29,crowdfunding,150000
c:154356,c:141719,2013-08-29,angel,11700
c:259702,c:141719,2013-11-28,angel,111500
c:259702,c:284778,2013-11-28,angel,111500
c:259702,c:79783,2013-11-28,angel,111500
c:259704,c:141719,2013-08-29,angel,11700
c:259763,c:141719,2013-08-29,angel,11700
c:259767,c:141719,2013-08-29,angel,11700
c:259771,c:141719,2013-08-29,angel,11700
c:260045,c:141719,2013-08-29,angel,11700
c:260047,c:141719,2013-08-29,angel,11700
c:260052,c:141719,2013-08-29,angel,11700
c:171425,c:141719,2013-02-21,angel,0
c:188739,c:141719,2013-02-21,angel,0
c:188737,c:141719,2013-02-21,angel,0
c:188729,c:141719,2013-02-21,angel,0
c:188736,c:141719,2013-02-21,angel,0
c:260116,c:141719,2013-02-21,angel,0
c:168907,c:266786,2013-09-02,venture,6000000
c:224852,c:179680,2013-09-05,angel,250000
c:261053,c:261055,2013-09-03,private-equity,0
c:261079,c:261078,2012-04-01,angel,1000000
c:169582,c:40456,2013-09-05,series-b,12000000
c:169582,c:28,2013-09-05,series-b,12000000
c:261382,c:157124,2013-09-04,series-a,5000000
c:247524,c:234793,2013-09-04,series-a,2000000
c:261770,c:261914,2013-08-05,series-a,600000
c:50667,c:17896,2011-05-16,series-a,2500000
c:262139,c:143222,2013-09-05,series-a,12000000
c:171476,c:85362,2013-09-05,angel,300000
c:171476,c:152086,2013-09-05,angel,300000
c:171476,c:85362,2013-09-05,angel,300000
c:171476,c:262152,2013-09-05,angel,300000
c:261079,c:261078,2013-09-06,angel,1000000
c:260027,c:262355,2013-09-06,other,30000000
c:207270,c:262534,2013-09-09,venture,8000000
c:42309,c:278945,2013-09-11,venture,1250000
c:262937,c:263263,2013-09-09,series-a,2350000
c:31142,c:3245,2013-09-10,series-c+,40000000
c:263407,c:66850,2013-02-28,angel,20000
c:263410,c:145930,2013-09-10,angel,1000000
c:32786,c:222640,2013-09-10,other,500000
c:228403,c:66850,2013-02-28,angel,20000
c:192415,c:66850,2013-02-28,angel,20000
c:188277,c:66850,2013-02-28,angel,20000
c:158385,c:66850,2013-02-28,angel,20000
c:193058,c:66850,2013-02-02,angel,20000
c:165245,c:66850,2013-02-28,angel,88000
c:59613,c:74832,2013-09-11,other,1700000
c:263707,c:223792,2013-09-11,venture,0
c:263867,c:66850,2009-06-01,angel,0
c:263887,c:66850,2010-06-01,angel,14000
c:263891,c:66850,2010-06-01,angel,20000
c:263936,c:30553,2013-09-12,other,200000000
c:51681,c:263945,2013-09-12,angel,1000000
c:173370,c:264318,2013-09-09,series-a,500000
c:238339,c:3657,2013-09-10,private-equity,448000000
c:153771,c:264811,2013-09-16,venture,10000000
c:214376,c:200484,2013-09-16,angel,500000
c:265235,c:362,2013-06-01,angel,0
c:64746,c:265297,2013-09-17,angel,750000
c:81750,c:227446,2013-09-17,other,750000000
c:2684,c:265542,2013-09-18,angel,1000000
c:167361,c:48273,2013-09-18,series-b,6000000
c:265635,c:265636,2013-09-18,other,5000000
c:145352,c:265783,2013-09-19,series-c+,3319682
c:265966,c:191405,2013-09-20,other,745000
c:46506,c:236165,2013-09-19,series-b,4000000
c:17894,c:18871,2013-09-19,venture,0
c:266585,c:266584,2013-09-22,series-a,2440000
c:264298,c:164143,2013-09-20,series-a,932000
c:147200,c:265183,2013-09-20,series-a,4000000
c:70269,c:139356,2013-09-24,venture,6000000
c:173133,c:38225,2013-11-19,series-a,1700000
c:243730,c:64105,2013-09-24,other,1400000
c:178116,c:74832,2013-09-25,other,1750000
c:5443,c:5182,2013-09-26,series-b,10037704
c:267768,c:232089,2013-09-26,other,5100000
c:254930,c:268284,2013-09-29,venture,17000000
c:268292,c:268291,2013-09-25,series-a,1200000
c:197126,c:233348,2013-09-29,series-c+,4000000
c:208998,c:268343,2013-09-30,venture,15000000
c:82728,c:194168,2013-09-30,series-a,600000
c:74111,c:56008,2013-09-30,venture,20000000
c:153625,c:260804,2013-10-01,series-a,1096000
c:153625,c:60298,2013-10-01,series-a,1096000
c:268831,c:223792,2013-10-01,venture,0
c:214843,c:268847,2013-10-01,series-a,2100000
c:186562,c:1972,2013-10-02,series-b,0
c:40709,c:254945,2013-10-02,venture,20000000
c:269447,c:13636,2013-10-03,venture,4700000
c:231829,c:269552,2013-10-04,venture,5000000
c:270266,c:270265,2013-10-07,series-a,10400000
c:270282,c:270281,2013-10-07,venture,10000000
c:66285,c:2520,2011-07-26,venture,17000
c:25539,c:223975,2013-10-08,other,10600000
c:270520,c:227926,2013-10-08,other,2750000
c:61861,c:270602,2013-10-09,angel,1350000
c:167488,c:271260,2013-04-11,angel,660000
c:179224,c:275981,2013-10-31,series-c+,13000000
c:7580,c:25526,2013-10-16,venture,0
c:272393,c:272395,2013-10-16,venture,40000000
c:272393,c:206217,2013-10-16,venture,40000000
c:218921,c:362,2013-10-11,venture,1000000
c:199505,c:6900,2009-01-01,angel,0
c:43502,c:274213,2013-10-18,private-equity,10000000
c:255193,c:57130,2013-08-14,angel,500000
c:255193,c:141623,2013-08-14,angel,500000
c:165782,c:273180,2013-10-21,angel,530000
c:167305,c:273505,2013-10-21,venture,3200000
c:273652,c:52150,2013-10-22,venture,3000000
c:188489,c:273823,2013-10-22,angel,350000
c:56859,c:74832,2013-10-22,other,0
c:273816,c:273818,2013-10-22,series-b,0
c:70128,c:70372,2013-10-23,venture,14000000
c:70128,c:17803,2013-10-23,venture,14000000
c:225964,c:44882,2013-10-23,venture,7000000
c:225964,c:262534,2013-10-23,venture,7000000
c:70128,c:70372,2013-04-11,venture,30000000
c:70128,c:17803,2013-04-11,venture,30000000
c:273925,c:273934,2013-10-22,venture,50000000
c:158568,c:266816,2013-10-24,angel,1000000
c:48619,c:38038,2010-05-26,series-b,7500000
c:274931,c:274930,2013-10-28,angel,0
c:275825,c:195400,2013-10-30,angel,1000000
c:146156,c:190236,2013-10-31,other,6000000
c:26578,c:20763,2013-10-30,other,60000000
c:70137,c:9419,2013-11-04,venture,0
c:70137,c:9958,2013-11-04,venture,0
c:5229,c:207212,2013-11-04,post-ipo,1000000000
c:276961,c:260083,2013-11-05,angel,400000
c:55940,c:17425,2013-11-06,private-equity,60000000
c:79428,c:277384,2013-11-08,private-equity,0
c:370,c:283,2012-01-01,venture,1009000
c:38375,c:200605,2013-11-07,post-ipo,70000000
c:277853,c:277858,2013-11-08,other,700000
c:39473,c:1230,2013-11-11,venture,40000000
c:71347,c:216734,2013-11-11,other,293000000
c:41565,c:271229,2013-11-11,venture,20000000
c:166624,c:279204,2013-11-12,angel,1000000
c:278998,c:225565,2013-11-12,other,2600000
c:279004,c:4135,2013-11-12,series-a,1700000
c:279004,c:170633,2013-11-12,series-a,1700000
c:279004,c:212157,2013-11-12,series-a,1700000
c:279004,c:261211,2013-11-12,series-a,1700000
c:279004,c:5,2013-11-12,series-a,1700000
c:279014,c:223792,2013-11-12,post-ipo,565000000
c:279014,c:279013,2013-11-12,post-ipo,565000000
c:279014,c:247865,2013-11-12,post-ipo,565000000
c:118,c:18871,2013-11-13,series-c+,2000000
c:118,c:144523,2013-11-13,series-c+,2000000
c:154998,c:279436,2013-11-14,series-a,2000000
c:154998,c:173863,2013-11-14,series-a,2000000
c:279449,c:18028,2013-11-14,venture,20000000
c:279449,c:62402,2013-11-14,venture,20000000
c:256941,c:143982,2013-11-12,series-a,2600000
c:279804,c:143982,2013-11-15,venture,0
c:280315,c:280162,2013-11-18,angel,650000
c:280315,c:8885,2013-11-18,angel,650000
c:178908,c:66850,2012-07-01,angel,16000
c:274301,c:280482,2013-11-18,angel,0
c:229383,c:237820,2013-11-19,venture,0
c:280797,c:280796,2013-11-19,venture,2500000
c:281062,c:281066,2013-11-20,series-a,3270120
c:281200,c:281199,2013-11-21,angel,0
c:232031,c:8159,2013-11-21,series-a,8200000
c:281995,c:281994,2013-11-25,angel,400000
c:282147,c:282146,2013-11-25,venture,17000000
c:282147,c:3275,2013-11-25,venture,17000000
c:282589,c:268343,2013-11-27,venture,28500000
c:283082,c:205365,2013-11-29,venture,22400000
c:141399,c:274352,2013-12-01,angel,150000
c:283977,c:1230,2013-12-03,venture,22000000
c:240872,c:182859,2013-01-01,series-a,60000000
c:284355,c:224838,2013-12-05,series-a,4000000
c:284520,c:26842,2013-12-05,venture,3000000
c:285195,c:157681,2013-12-09,venture,100000000
c:285340,c:285339,2013-12-09,other,250000
c:10711,c:47042,2013-12-09,venture,0
c:85361,c:47042,2013-12-09,venture,0
c:36628,c:63642,2013-12-09,other,9450000
c:236300,c:333,2013-12-10,series-a,5000000
c:28484,c:69500,2013-12-10,venture,15000000
c:285639,c:285024,2013-12-10,angel,800000
c:51014,c:286086,2013-12-12,venture,0
c:286063,c:286086,2013-12-12,venture,0
c:286065,c:286086,2013-12-12,venture,0
c:177209,c:284626,2013-12-12,venture,1700000
